0.8902, 0.8902, 0.890313725490196, 0, 0, 0, 0, 0, 0, 0, 0, 1, 0
0.8902, 0.8902, 0.89043137254902, 0, 0, 0, 0, 0, 0, 0, 0, 1, 0
0.8902, 0.8902, 0.890549019607843, 0, 0, 0, 0, 0, 0, 0, 0, 1, 0
0.8902, 0.8902, 0.890666666666667, 0, 0, 0, 0, 0, 0, 0, 0, 1, 0
0.8902, 0.8902, 0.89078431372549, 0, 0, 0, 0, 0, 0, 0, 0, 1, 0
0.8902, 0.8902, 0.890901960784314, 0, 0, 0, 0, 0, 0, 0, 0, 1, 0
0.8902, 0.8902, 0.891019607843137, 0, 0, 0, 0, 0, 0, 0, 0, 1, 0
0.8902, 0.8902, 0.891137254901961, 0, 0, 0, 0, 0, 0, 0, 0, 1, 0
0.8902, 0.8902, 0.891254901960784, 0, 0, 0, 0, 0, 0, 0, 0, 1, 0
0.8902, 0.8902, 0.891372549019608, 0, 0, 0, 0, 0, 0, 0, 0, 1, 0
0.8902, 0.8902, 0.891490196078431, 0, 0, 0, 0, 0, 0, 0, 0, 1, 0
0.8902, 0.8902, 0.891607843137255, 0, 0, 0, 0, 0, 0, 0, 0, 1, 0
0.8902, 0.8902, 0.891725490196078, 0, 0, 0, 0, 0, 0, 0, 0, 1, 0
0.8902, 0.8902, 0.891843137254902, 0, 0, 0, 0, 0, 0, 0, 0, 1, 0
0.8902, 0.8902, 0.891960784313726, 0, 0, 0, 0, 0, 0, 0, 0, 1, 0
0.8902, 0.8902, 0.892078431372549, 0, 0, 0, 0, 0, 0, 0, 0, 1, 0
0.8902, 0.8902, 0.892196078431373, 0, 0, 0, 0, 0, 0, 0, 0, 1, 0
0.8902, 0.8902, 0.892313725490196, 0, 0, 0, 0, 0, 0, 0, 0, 1, 0
0.8902, 0.8902, 0.89243137254902, 0, 0, 0, 0, 0, 0, 0, 0, 1, 0
0.8902, 0.8902, 0.892549019607843, 0, 0, 0, 0, 0, 0, 0, 0, 1, 0
0.8902, 0.8902, 0.892666666666667, 0, 0, 0, 0, 0, 0, 0, 0, 1, 0
0.8902, 0.8902, 0.89278431372549, 0, 0, 0, 0, 0, 0, 0, 0, 1, 0
0.8902, 0.8902, 0.892901960784314, 0, 0, 0, 0, 0, 0, 0, 0, 1, 0
0.8902, 0.8902, 0.893019607843137, 0, 0, 0, 0, 0, 0, 0, 0, 1, 0
0.8902, 0.8902, 0.893137254901961, 0, 0, 0, 0, 0, 0, 0, 0, 1, 0
0.8902, 0.8902, 0.893254901960784, 0, 0, 0, 0, 0, 0, 0, 0, 1, 0
0.8902, 0.8902, 0.893372549019608, 0, 0, 0, 0, 0, 0, 0, 0, 1, 0
0.8902, 0.8902, 0.893490196078431, 0, 0, 0, 0, 0, 0, 0, 0, 1, 0
0.8902, 0.8902, 0.893607843137255, 0, 0, 0, 0, 0, 0, 0, 0, 1, 0
0.8902, 0.8902, 0.893725490196079, 0, 0, 0, 0, 0, 0, 0, 0, 1, 0
0.8902, 0.8902, 0.893843137254902, 0, 0, 0, 0, 0, 0, 0, 0, 1, 0
0.8902, 0.8902, 0.893960784313726, 0, 0, 0, 0, 0, 0, 0, 0, 1, 0
0.8902, 0.8902, 0.894078431372549, 0, 0, 0, 0, 0, 0, 0, 0, 1, 0
0.8902, 0.8902, 0.894196078431373, 0, 0, 0, 0, 0, 0, 0, 0, 1, 0
0.8902, 0.8902, 0.894313725490196, 0, 0, 0, 0, 0, 0, 0, 0, 1, 0
0.8902, 0.8902, 0.89443137254902, 0, 0, 0, 0, 0, 0, 0, 0, 1, 0
0.8902, 0.8902, 0.894549019607843, 0, 0, 0, 0, 0, 0, 0, 0, 1, 0
0.8902, 0.8902, 0.894666666666667, 0, 0, 0, 0, 0, 0, 0, 0, 1, 0
0.8902, 0.8902, 0.89478431372549, 0, 0, 0, 0, 0, 0, 0, 0, 1, 0
0.8902, 0.8902, 0.894901960784314, 0, 0, 0, 0, 0, 0, 0, 0, 1, 0
0.8902, 0.8902, 0.895019607843137, 0, 0, 0, 0, 0, 0, 0, 0, 1, 0
0.8902, 0.8902, 0.895137254901961, 0, 0, 0, 0, 0, 0, 0, 0, 1, 0
0.8902, 0.8902, 0.895254901960784, 0, 0, 0, 0, 0, 0, 0, 0, 1, 0
0.8902, 0.8902, 0.895372549019608, 0, 0, 0, 0, 0, 0, 0, 0, 1, 0
0.8902, 0.8902, 0.895490196078432, 0, 0, 0, 0, 0, 0, 0, 0, 1, 0
0.8902, 0.8902, 0.895607843137255, 0, 0, 0, 0, 0, 0, 0, 0, 1, 0
0.8902, 0.8902, 0.895725490196079, 0, 0, 0, 0, 0, 0, 0, 0, 1, 0
0.8902, 0.8902, 0.895843137254902, 0, 0, 0, 0, 0, 0, 0, 0, 1, 0
0.8902, 0.8902, 0.895960784313726, 0, 0, 0, 0, 0, 0, 0, 0, 1, 0
0.8902, 0.8902, 0.896078431372549, 0, 0, 0, 0, 0, 0, 0, 0, 1, 0
0.8902, 0.8902, 0.896196078431373, 0, 0, 0, 0, 0, 0, 0, 0, 1, 0
0.8902, 0.8902, 0.896313725490196, 0, 0, 0, 0, 0, 0, 0, 0, 1, 0
0.8902, 0.8902, 0.89643137254902, 0, 0, 0, 0, 0, 0, 0, 0, 1, 0
0.8902, 0.8902, 0.896549019607843, 0, 0, 0, 0, 0, 0, 0, 0, 1, 0
0.8902, 0.8902, 0.896666666666667, 0, 0, 0, 0, 0, 0, 0, 0, 1, 0
0.8902, 0.8902, 0.896784313725491, 0, 0, 0, 0, 0, 0, 0, 0, 1, 0
0.8902, 0.8902, 0.896901960784314, 0, 0, 0, 0, 0, 0, 0, 0, 1, 0
0.8902, 0.8902, 0.897019607843138, 0, 0, 0, 0, 0, 0, 0, 0, 1, 0
0.8902, 0.8902, 0.897137254901961, 0, 0, 0, 0, 0, 0, 0, 0, 1, 0
0.8902, 0.8902, 0.897254901960785, 0, 0, 0, 0, 0, 0, 0, 0, 1, 0
0.8902, 0.8902, 0.897372549019608, 0, 0, 0, 0, 0, 0, 0, 0, 1, 0
0.8902, 0.8902, 0.897490196078432, 0, 0, 0, 0, 0, 0, 0, 0, 1, 0
0.8902, 0.8902, 0.897607843137255, 0, 0, 0, 0, 0, 0, 0, 0, 1, 0
0.8902, 0.8902, 0.897725490196079, 0, 0, 0, 0, 0, 0, 0, 0, 1, 0
0.8902, 0.8902, 0.897843137254902, 0, 0, 0, 0, 0, 0, 0, 0, 1, 0
0.8902, 0.8902, 0.897960784313726, 0, 0, 0, 0, 0, 0, 0, 0, 1, 0
0.8902, 0.8902, 0.898078431372549, 0, 0, 0, 0, 0, 0, 0, 0, 1, 0
0.8902, 0.8902, 0.898196078431373, 0, 0, 0, 0, 0, 0, 0, 0, 1, 0
0.8902, 0.8902, 0.898313725490196, 0, 0, 0, 0, 0, 0, 0, 0, 1, 0
0.8902, 0.8902, 0.89843137254902, 0, 0, 0, 0, 0, 0, 0, 0, 1, 0
0.8902, 0.8902, 0.898549019607844, 0, 0, 0, 0, 0, 0, 0, 0, 1, 0
0.8902, 0.8902, 0.898666666666667, 0, 0, 0, 0, 0, 0, 0, 0, 1, 0
0.8902, 0.8902, 0.898784313725491, 0, 0, 0, 0, 0, 0, 0, 0, 1, 0
0.8902, 0.8902, 0.898901960784314, 0, 0, 0, 0, 0, 0, 0, 0, 1, 0
0.8902, 0.8902, 0.899019607843138, 0, 0, 0, 0, 0, 0, 0, 0, 1, 0
0.8902, 0.8902, 0.899137254901961, 0, 0, 0, 0, 0, 0, 0, 0, 1, 0
0.8902, 0.8902, 0.899254901960785, 0, 0, 0, 0, 0, 0, 0, 0, 1, 0
0.8902, 0.8902, 0.899372549019608, 0, 0, 0, 0, 0, 0, 0, 0, 1, 0
0.8902, 0.8902, 0.899490196078432, 0, 0, 0, 0, 0, 0, 0, 0, 1, 0
0.8902, 0.8902, 0.899607843137255, 0, 0, 0, 0, 0, 0, 0, 0, 1, 0
0.8902, 0.8902, 0.899725490196079, 0, 0, 0, 0, 0, 0, 0, 0, 1, 0
0.8902, 0.8902, 0.899843137254902, 0, 0, 0, 0, 0, 0, 0, 0, 1, 0
0.8902, 0.8902, 0.899960784313726, 0, 0, 0, 0, 0, 0, 0, 0, 1, 0
0.8902, 0.8902, 0.900078431372549, 0, 0, 0, 0, 0, 0, 0, 0, 1, 0
0.8902, 0.8902, 0.900196078431373, 0, 0, 0, 0, 0, 0, 0, 0, 1, 0
0.8902, 0.8902, 0.900313725490197, 0, 0, 0, 0, 0, 0, 0, 0, 1, 0
0.8902, 0.8902, 0.90043137254902, 0, 0, 0, 0, 0, 0, 0, 0, 1, 0
0.8902, 0.8902, 0.900549019607844, 0, 0, 0, 0, 0, 0, 0, 0, 1, 0
0.8902, 0.8902, 0.900666666666667, 0, 0, 0, 0, 0, 0, 0, 0, 1, 0
0.8902, 0.8902, 0.900784313725491, 0, 0, 0, 0, 0, 0, 0, 0, 1, 0
0.8902, 0.8902, 0.900901960784314, 0, 0, 0, 0, 0, 0, 0, 0, 1, 0
0.8902, 0.8902, 0.901019607843138, 0, 0, 0, 0, 0, 0, 0, 0, 1, 0
0.8902, 0.8902, 0.901137254901961, 0, 0, 0, 0, 0, 0, 0, 0, 1, 0
0.8902, 0.8902, 0.901254901960785, 0, 0, 0, 0, 0, 0, 0, 0, 1, 0
0.8902, 0.8902, 0.901372549019608, 0, 0, 0, 0, 0, 0, 0, 0, 1, 0
0.8902, 0.8902, 0.901490196078432, 0, 0, 0, 0, 0, 0, 0, 0, 1, 0
0.8902, 0.8902, 0.901607843137255, 0, 0, 0, 0, 0, 0, 0, 0, 1, 0
0.8902, 0.8902, 0.901725490196079, 0, 0, 0, 0, 0, 0, 0, 0, 1, 0
0.8902, 0.8902, 0.901843137254902, 0, 0, 0, 0, 0, 0, 0, 0, 1, 0
0.8902, 0.8902, 0.901960784313726, 0, 0, 0, 0, 0, 0, 0, 0, 1, 0
0.8902, 0.8902, 0.90207843137255, 0, 0, 0, 0, 0, 0, 0, 0, 1, 0
0.8902, 0.8902, 0.902196078431373, 0, 0, 0, 0, 0, 0, 0, 0, 1, 0
0.8902, 0.8902, 0.902313725490197, 0, 0, 0, 0, 0, 0, 0, 0, 1, 0
0.8902, 0.8902, 0.90243137254902, 0, 0, 0, 0, 0, 0, 0, 0, 1, 0
0.8902, 0.8902, 0.902549019607844, 0, 0, 0, 0, 0, 0, 0, 0, 1, 0
0.8902, 0.8902, 0.902666666666667, 0, 0, 0, 0, 0, 0, 0, 0, 1, 0
0.8902, 0.8902, 0.902784313725491, 0, 0, 0, 0, 0, 0, 0, 0, 1, 0
0.8902, 0.8902, 0.902901960784314, 0, 0, 0, 0, 0, 0, 0, 0, 1, 0
0.8902, 0.8902, 0.903019607843138, 0, 0, 0, 0, 0, 0, 0, 0, 1, 0
0.8902, 0.8902, 0.903137254901961, 0, 0, 0, 0, 0, 0, 0, 0, 1, 0
0.8902, 0.8902, 0.903254901960785, 0, 0, 0, 0, 0, 0, 0, 0, 1, 0
0.8902, 0.8902, 0.903372549019608, 0, 0, 0, 0, 0, 0, 0, 0, 1, 0
0.8902, 0.8902, 0.903490196078432, 0, 0, 0, 0, 0, 0, 0, 0, 1, 0
0.8902, 0.8902, 0.903607843137255, 0, 0, 0, 0, 0, 0, 0, 0, 1, 0
0.8902, 0.8902, 0.903725490196079, 0, 0, 0, 0, 0, 0, 0, 0, 1, 0
0.8902, 0.8902, 0.903843137254903, 0, 0, 0, 0, 0, 0, 0, 0, 1, 0
0.8902, 0.8902, 0.903960784313726, 0, 0, 0, 0, 0, 0, 0, 0, 1, 0
0.8902, 0.8902, 0.90407843137255, 0, 0, 0, 0, 0, 0, 0, 0, 1, 0
0.8902, 0.8902, 0.904196078431373, 0, 0, 0, 0, 0, 0, 0, 0, 1, 0
0.8902, 0.8902, 0.904313725490197, 0, 0, 0, 0, 0, 0, 0, 0, 1, 0
0.8902, 0.8902, 0.90443137254902, 0, 0, 0, 0, 0, 0, 0, 0, 1, 0
0.8902, 0.8902, 0.904549019607844, 0, 0, 0, 0, 0, 0, 0, 0, 1, 0
0.8902, 0.8902, 0.904666666666667, 0, 0, 0, 0, 0, 0, 0, 0, 1, 0
0.8902, 0.8902, 0.904784313725491, 0, 0, 0, 0, 0, 0, 0, 0, 1, 0
0.8902, 0.8902, 0.904901960784314, 0, 0, 0, 0, 0, 0, 0, 0, 1, 0
0.8902, 0.8902, 0.905019607843138, 0, 0, 0, 0, 0, 0, 0, 0, 1, 0
0.8902, 0.8902, 0.905137254901961, 0, 0, 0, 0, 0, 0, 0, 0, 1, 0
0.8902, 0.8902, 0.905254901960785, 0, 0, 0, 0, 0, 0, 0, 0, 1, 0
0.8902, 0.8902, 0.905372549019608, 0, 0, 0, 0, 0, 0, 0, 0, 1, 0
0.8902, 0.8902, 0.905490196078432, 0, 0, 0, 0, 0, 0, 0, 0, 1, 0
0.8902, 0.8902, 0.905607843137256, 0, 0, 0, 0, 0, 0, 0, 0, 1, 0
0.8902, 0.8902, 0.905725490196079, 0, 0, 0, 0, 0, 0, 0, 0, 1, 0
0.8902, 0.8902, 0.905843137254903, 0, 0, 0, 0, 0, 0, 0, 0, 1, 0
0.8902, 0.8902, 0.905960784313726, 0, 0, 0, 0, 0, 0, 0, 0, 1, 0
0.8902, 0.8902, 0.90607843137255, 0, 0, 0, 0, 0, 0, 0, 0, 1, 0
0.8902, 0.8902, 0.906196078431373, 0, 0, 0, 0, 0, 0, 0, 0, 1, 0
0.8902, 0.8902, 0.906313725490197, 0, 0, 0, 0, 0, 0, 0, 0, 1, 0
0.8902, 0.8902, 0.90643137254902, 0, 0, 0, 0, 0, 0, 0, 0, 1, 0
0.8902, 0.8902, 0.906549019607844, 0, 0, 0, 0, 0, 0, 0, 0, 1, 0
0.8902, 0.8902, 0.906666666666667, 0, 0, 0, 0, 0, 0, 0, 0, 1, 0
0.8902, 0.8902, 0.906784313725491, 0, 0, 0, 0, 0, 0, 0, 0, 1, 0
0.8902, 0.8902, 0.906901960784314, 0, 0, 0, 0, 0, 0, 0, 0, 1, 0
0.8902, 0.8902, 0.907019607843138, 0, 0, 0, 0, 0, 0, 0, 0, 1, 0
0.8902, 0.8902, 0.907137254901961, 0, 0, 0, 0, 0, 0, 0, 0, 1, 0
0.8902, 0.8902, 0.907254901960785, 0, 0, 0, 0, 0, 0, 0, 0, 1, 0
0.8902, 0.8902, 0.907372549019609, 0, 0, 0, 0, 0, 0, 0, 0, 1, 0
0.8902, 0.8902, 0.907490196078432, 0, 0, 0, 0, 0, 0, 0, 0, 1, 0
0.8902, 0.8902, 0.907607843137256, 0, 0, 0, 0, 0, 0, 0, 0, 1, 0
0.8902, 0.8902, 0.907725490196079, 0, 0, 0, 0, 0, 0, 0, 0, 1, 0
0.8902, 0.8902, 0.907843137254903, 0, 0, 0, 0, 0, 0, 0, 0, 1, 0
0.8902, 0.8902, 0.907960784313726, 0, 0, 0, 0, 0, 0, 0, 0, 1, 0
0.8902, 0.8902, 0.90807843137255, 0, 0, 0, 0, 0, 0, 0, 0, 1, 0
0.8902, 0.8902, 0.908196078431373, 0, 0, 0, 0, 0, 0, 0, 0, 1, 0
0.8902, 0.8902, 0.908313725490197, 0, 0, 0, 0, 0, 0, 0, 0, 1, 0
0.8902, 0.8902, 0.90843137254902, 0, 0, 0, 0, 0, 0, 0, 0, 1, 0
0.8902, 0.8902, 0.908549019607844, 0, 0, 0, 0, 0, 0, 0, 0, 1, 0
0.8902, 0.8902, 0.908666666666667, 0, 0, 0, 0, 0, 0, 0, 0, 1, 0
0.8902, 0.8902, 0.908784313725491, 0, 0, 0, 0, 0, 0, 0, 0, 1, 0
0.8902, 0.8902, 0.908901960784314, 0, 0, 0, 0, 0, 0, 0, 0, 1, 0
0.8902, 0.8902, 0.909019607843138, 0, 0, 0, 0, 0, 0, 0, 0, 1, 0
0.8902, 0.8902, 0.909137254901962, 0, 0, 0, 0, 0, 0, 0, 0, 1, 0
0.8902, 0.8902, 0.909254901960785, 0, 0, 0, 0, 0, 0, 0, 0, 1, 0
0.8902, 0.8902, 0.909372549019609, 0, 0, 0, 0, 0, 0, 0, 0, 1, 0
0.8902, 0.8902, 0.909490196078432, 0, 0, 0, 0, 0, 0, 0, 0, 1, 0
0.8902, 0.8902, 0.909607843137256, 0, 0, 0, 0, 0, 0, 0, 0, 1, 0
0.8902, 0.8902, 0.909725490196079, 0, 0, 0, 0, 0, 0, 0, 0, 1, 0
0.8902, 0.8902, 0.909843137254903, 0, 0, 0, 0, 0, 0, 0, 0, 1, 0
0.8902, 0.8902, 0.909960784313726, 0, 0, 0, 0, 0, 0, 0, 0, 1, 0
0.8902, 0.8902, 0.91007843137255, 0, 0, 0, 0, 0, 0, 0, 0, 1, 0
0.8902, 0.8902, 0.910196078431373, 0, 0, 0, 0, 0, 0, 0, 0, 1, 0
0.8902, 0.8902, 0.910313725490197, 0, 0, 0, 0, 0, 0, 0, 0, 1, 0
0.8902, 0.8902, 0.91043137254902, 0, 0, 0, 0, 0, 0, 0, 0, 1, 0
0.8902, 0.8902, 0.910549019607844, 0, 0, 0, 0, 0, 0, 0, 0, 1, 0
0.8902, 0.8902, 0.910666666666667, 0, 0, 0, 0, 0, 0, 0, 0, 1, 0
0.8902, 0.8902, 0.910784313725491, 0, 0, 0, 0, 0, 0, 0, 0, 1, 0
0.8902, 0.8902, 0.910901960784315, 0, 0, 0, 0, 0, 0, 0, 0, 1, 0
0.8902, 0.8902, 0.911019607843138, 0, 0, 0, 0, 0, 0, 0, 0, 1, 0
0.8902, 0.8902, 0.911137254901962, 0, 0, 0, 0, 0, 0, 0, 0, 1, 0
0.8902, 0.8902, 0.911254901960785, 0, 0, 0, 0, 0, 0, 0, 0, 1, 0
0.8902, 0.8902, 0.911372549019609, 0, 0, 0, 0, 0, 0, 0, 0, 1, 0
0.8902, 0.8902, 0.911490196078432, 0, 0, 0, 0, 0, 0, 0, 0, 1, 0
0.8902, 0.8902, 0.911607843137256, 0, 0, 0, 0, 0, 0, 0, 0, 1, 0
0.8902, 0.8902, 0.911725490196079, 0, 0, 0, 0, 0, 0, 0, 0, 1, 0
0.8902, 0.8902, 0.911843137254903, 0, 0, 0, 0, 0, 0, 0, 0, 1, 0
0.8902, 0.8902, 0.911960784313726, 0, 0, 0, 0, 0, 0, 0, 0, 1, 0
0.8902, 0.8902, 0.91207843137255, 0, 0, 0, 0, 0, 0, 0, 0, 1, 0
0.8902, 0.8902, 0.912196078431373, 0, 0, 0, 0, 0, 0, 0, 0, 1, 0
0.8902, 0.8902, 0.912313725490197, 0, 0, 0, 0, 0, 0, 0, 0, 1, 0
0.8902, 0.8902, 0.91243137254902, 0, 0, 0, 0, 0, 0, 0, 0, 1, 0
0.8902, 0.8902, 0.912549019607844, 0, 0, 0, 0, 0, 0, 0, 0, 1, 0
0.8902, 0.8902, 0.912666666666668, 0, 0, 0, 0, 0, 0, 0, 0, 1, 0
0.8902, 0.8902, 0.912784313725491, 0, 0, 0, 0, 0, 0, 0, 0, 1, 0
0.8902, 0.8902, 0.912901960784315, 0, 0, 0, 0, 0, 0, 0, 0, 1, 0
0.8902, 0.8902, 0.913019607843138, 0, 0, 0, 0, 0, 0, 0, 0, 1, 0
0.8902, 0.8902, 0.913137254901962, 0, 0, 0, 0, 0, 0, 0, 0, 1, 0
0.8902, 0.8902, 0.913254901960785, 0, 0, 0, 0, 0, 0, 0, 0, 1, 0
0.8902, 0.8902, 0.913372549019609, 0, 0, 0, 0, 0, 0, 0, 0, 1, 0
0.8902, 0.8902, 0.913490196078432, 0, 0, 0, 0, 0, 0, 0, 0, 1, 0
0.8902, 0.8902, 0.913607843137256, 0, 0, 0, 0, 0, 0, 0, 0, 1, 0
0.8902, 0.8902, 0.913725490196079, 0, 0, 0, 0, 0, 0, 0, 0, 1, 0
0.8902, 0.8902, 0.913843137254903, 0, 0, 0, 0, 0, 0, 0, 0, 1, 0
0.8902, 0.8902, 0.913960784313726, 0, 0, 0, 0, 0, 0, 0, 0, 1, 0
0.8902, 0.8902, 0.91407843137255, 0, 0, 0, 0, 0, 0, 0, 0, 1, 0
0.8902, 0.8902, 0.914196078431373, 0, 0, 0, 0, 0, 0, 0, 0, 1, 0
0.8902, 0.8902, 0.914313725490197, 0, 0, 0, 0, 0, 0, 0, 0, 1, 0
0.8902, 0.8902, 0.914431372549021, 0, 0, 0, 0, 0, 0, 0, 0, 1, 0
0.8902, 0.8902, 0.914549019607844, 0, 0, 0, 0, 0, 0, 0, 0, 1, 0
0.8902, 0.8902, 0.914666666666668, 0, 0, 0, 0, 0, 0, 0, 0, 1, 0
0.8902, 0.8902, 0.914784313725491, 0, 0, 0, 0, 0, 0, 0, 0, 1, 0
0.8902, 0.8902, 0.914901960784315, 0, 0, 0, 0, 0, 0, 0, 0, 1, 0
0.8902, 0.8902, 0.915019607843138, 0, 0, 0, 0, 0, 0, 0, 0, 1, 0
0.8902, 0.8902, 0.915137254901962, 0, 0, 0, 0, 0, 0, 0, 0, 1, 0
0.8902, 0.8902, 0.915254901960785, 0, 0, 0, 0, 0, 0, 0, 0, 1, 0
0.8902, 0.8902, 0.915372549019609, 0, 0, 0, 0, 0, 0, 0, 0, 1, 0
0.8902, 0.8902, 0.915490196078432, 0, 0, 0, 0, 0, 0, 0, 0, 1, 0
0.8902, 0.8902, 0.915607843137256, 0, 0, 0, 0, 0, 0, 0, 0, 1, 0
0.8902, 0.8902, 0.915725490196079, 0, 0, 0, 0, 0, 0, 0, 0, 1, 0
0.8902, 0.8902, 0.915843137254903, 0, 0, 0, 0, 0, 0, 0, 0, 1, 0
0.8902, 0.8902, 0.915960784313727, 0, 0, 0, 0, 0, 0, 0, 0, 1, 0
0.8902, 0.8902, 0.91607843137255, 0, 0, 0, 0, 0, 0, 0, 0, 1, 0
0.8902, 0.8902, 0.916196078431374, 0, 0, 0, 0, 0, 0, 0, 0, 1, 0
0.8902, 0.8902, 0.916313725490197, 0, 0, 0, 0, 0, 0, 0, 0, 1, 0
0.8902, 0.8902, 0.916431372549021, 0, 0, 0, 0, 0, 0, 0, 0, 1, 0
0.8902, 0.8902, 0.916549019607844, 0, 0, 0, 0, 0, 0, 0, 0, 1, 0
0.8902, 0.8902, 0.916666666666668, 0, 0, 0, 0, 0, 0, 0, 0, 1, 0
0.8902, 0.8902, 0.916784313725491, 0, 0, 0, 0, 0, 0, 0, 0, 1, 0
0.8902, 0.8902, 0.916901960784315, 0, 0, 0, 0, 0, 0, 0, 0, 1, 0
0.8902, 0.8902, 0.917019607843138, 0, 0, 0, 0, 0, 0, 0, 0, 1, 0
0.8902, 0.8902, 0.917137254901962, 0, 0, 0, 0, 0, 0, 0, 0, 1, 0
0.8902, 0.8902, 0.917254901960785, 0, 0, 0, 0, 0, 0, 0, 0, 1, 0
0.8902, 0.8902, 0.917372549019609, 0, 0, 0, 0, 0, 0, 0, 0, 1, 0
0.8902, 0.8902, 0.917490196078432, 0, 0, 0, 0, 0, 0, 0, 0, 1, 0
0.8902, 0.8902, 0.917607843137256, 0, 0, 0, 0, 0, 0, 0, 0, 1, 0
0.8902, 0.8902, 0.91772549019608, 0, 0, 0, 0, 0, 0, 0, 0, 1, 0
0.8902, 0.8902, 0.917843137254903, 0, 0, 0, 0, 0, 0, 0, 0, 1, 0
0.8902, 0.8902, 0.917960784313727, 0, 0, 0, 0, 0, 0, 0, 0, 1, 0
0.8902, 0.8902, 0.91807843137255, 0, 0, 0, 0, 0, 0, 0, 0, 1, 0
0.8902, 0.8902, 0.918196078431374, 0, 0, 0, 0, 0, 0, 0, 0, 1, 0
0.8902, 0.8902, 0.918313725490197, 0, 0, 0, 0, 0, 0, 0, 0, 1, 0
0.8902, 0.8902, 0.918431372549021, 0, 0, 0, 0, 0, 0, 0, 0, 1, 0
0.8902, 0.8902, 0.918549019607844, 0, 0, 0, 0, 0, 0, 0, 0, 1, 0
0.8902, 0.8902, 0.918666666666668, 0, 0, 0, 0, 0, 0, 0, 0, 1, 0
0.8902, 0.8902, 0.918784313725491, 0, 0, 0, 0, 0, 0, 0, 0, 1, 0
0.8902, 0.8902, 0.918901960784315, 0, 0, 0, 0, 0, 0, 0, 0, 1, 0
0.8902, 0.8902, 0.919019607843138, 0, 0, 0, 0, 0, 0, 0, 0, 1, 0
0.8902, 0.8902, 0.919137254901962, 0, 0, 0, 0, 0, 0, 0, 0, 1, 0
0.8902, 0.8902, 0.919254901960785, 0, 0, 0, 0, 0, 0, 0, 0, 1, 0
0.8902, 0.8902, 0.919372549019609, 0, 0, 0, 0, 0, 0, 0, 0, 1, 0
0.8902, 0.8902, 0.919490196078433, 0, 0, 0, 0, 0, 0, 0, 0, 1, 0
0.8902, 0.8902, 0.919607843137256, 0, 0, 0, 0, 0, 0, 0, 0, 1, 0
0.8902, 0.8902, 0.91972549019608, 0, 0, 0, 0, 0, 0, 0, 0, 1, 0
0.8902, 0.8902, 0.919843137254903, 0, 0, 0, 0, 0, 0, 0, 0, 1, 0
0.8902, 0.8902, 0.919960784313727, 0, 0, 0, 0, 0, 0, 0, 0, 1, 0
0.8902, 0.8902, 0.92007843137255, 0, 0, 0, 0, 0, 0, 0, 0, 1, 0
0.8902, 0.8902, 0.920196078431374, 0, 0, 0, 0, 0, 0, 0, 0, 1, 0
0.8902, 0.8902, 0.920313725490197, 0, 0, 0, 0, 0, 0, 0, 0, 1, 0
0.8902, 0.8902, 0.920431372549021, 0, 0, 0, 0, 0, 0, 0, 0, 1, 0
0.8902, 0.8902, 0.920549019607844, 0, 0, 0, 0, 0, 0, 0, 0, 1, 0
0.8902, 0.8902, 0.920666666666668, 0, 0, 0, 0, 0, 0, 0, 0, 1, 0
0.8902, 0.8902, 0.920784313725491, 0, 0, 0, 0, 0, 0, 0, 0, 1, 0
0.8902, 0.8902, 0.920901960784315, 0, 0, 0, 0, 0, 0, 0, 0, 1, 0
0.8902, 0.8902, 0.921019607843138, 0, 0, 0, 0, 0, 0, 0, 0, 1, 0
0.8902, 0.8902, 0.921137254901962, 0, 0, 0, 0, 0, 0, 0, 0, 1, 0
0.8902, 0.8902, 0.921254901960786, 0, 0, 0, 0, 0, 0, 0, 0, 1, 0
0.8902, 0.8902, 0.921372549019609, 0, 0, 0, 0, 0, 0, 0, 0, 1, 0
0.8902, 0.8902, 0.921490196078433, 0, 0, 0, 0, 0, 0, 0, 0, 1, 0
0.8902, 0.8902, 0.921607843137256, 0, 0, 0, 0, 0, 0, 0, 0, 1, 0
0.8902, 0.8902, 0.92172549019608, 0, 0, 0, 0, 0, 0, 0, 0, 1, 0
0.8902, 0.8902, 0.921843137254903, 0, 0, 0, 0, 0, 0, 0, 0, 1, 0
0.8902, 0.8902, 0.921960784313727, 0, 0, 0, 0, 0, 0, 0, 0, 1, 0
0.8902, 0.8902, 0.92207843137255, 0, 0, 0, 0, 0, 0, 0, 0, 1, 0
0.8902, 0.8902, 0.922196078431374, 0, 0, 0, 0, 0, 0, 0, 0, 1, 0
0.8902, 0.8902, 0.922313725490197, 0, 0, 0, 0, 0, 0, 0, 0, 1, 0
0.8902, 0.8902, 0.922431372549021, 0, 0, 0, 0, 0, 0, 0, 0, 1, 0
0.8902, 0.8902, 0.922549019607844, 0, 0, 0, 0, 0, 0, 0, 0, 1, 0
0.8902, 0.8902, 0.922666666666668, 0, 0, 0, 0, 0, 0, 0, 0, 1, 0
0.8902, 0.8902, 0.922784313725491, 0, 0, 0, 0, 0, 0, 0, 0, 1, 0
0.8902, 0.8902, 0.922901960784315, 0, 0, 0, 0, 0, 0, 0, 0, 1, 0
0.8902, 0.8902, 0.923019607843139, 0, 0, 0, 0, 0, 0, 0, 0, 1, 0
0.8902, 0.8902, 0.923137254901962, 0, 0, 0, 0, 0, 0, 0, 0, 1, 0
0.8902, 0.8902, 0.923254901960786, 0, 0, 0, 0, 0, 0, 0, 0, 1, 0
0.8902, 0.8902, 0.923372549019609, 0, 0, 0, 0, 0, 0, 0, 0, 1, 0
0.8902, 0.8902, 0.923490196078433, 0, 0, 0, 0, 0, 0, 0, 0, 1, 0
0.8902, 0.8902, 0.923607843137256, 0, 0, 0, 0, 0, 0, 0, 0, 1, 0
0.8902, 0.8902, 0.92372549019608, 0, 0, 0, 0, 0, 0, 0, 0, 1, 0
0.8902, 0.8902, 0.923843137254903, 0, 0, 0, 0, 0, 0, 0, 0, 1, 0
0.8902, 0.8902, 0.923960784313727, 0, 0, 0, 0, 0, 0, 0, 0, 1, 0
0.8902, 0.8902, 0.92407843137255, 0, 0, 0, 0, 0, 0, 0, 0, 1, 0
0.8902, 0.8902, 0.924196078431374, 0, 0, 0, 0, 0, 0, 0, 0, 1, 0
0.8902, 0.8902, 0.924313725490197, 0, 0, 0, 0, 0, 0, 0, 0, 1, 0
0.8902, 0.8902, 0.924431372549021, 0, 0, 0, 0, 0, 0, 0, 0, 1, 0
0.8902, 0.8902, 0.924549019607844, 0, 0, 0, 0, 0, 0, 0, 0, 1, 0
0.8902, 0.8902, 0.924666666666668, 0, 0, 0, 0, 0, 0, 0, 0, 1, 0
0.8902, 0.8902, 0.924784313725492, 0, 0, 0, 0, 0, 0, 0, 0, 1, 0
0.8902, 0.8902, 0.924901960784315, 0, 0, 0, 0, 0, 0, 0, 0, 1, 0
0.8902, 0.8902, 0.925019607843139, 0, 0, 0, 0, 0, 0, 0, 0, 1, 0
0.8902, 0.8902, 0.925137254901962, 0, 0, 0, 0, 0, 0, 0, 0, 1, 0
0.8902, 0.8902, 0.925254901960786, 0, 0, 0, 0, 0, 0, 0, 0, 1, 0
0.8902, 0.8902, 0.925372549019609, 0, 0, 0, 0, 0, 0, 0, 0, 1, 0
0.8902, 0.8902, 0.925490196078433, 0, 0, 0, 0, 0, 0, 0, 0, 1, 0
0.8902, 0.8902, 0.925607843137256, 0, 0, 0, 0, 0, 0, 0, 0, 1, 0
0.8902, 0.8902, 0.92572549019608, 0, 0, 0, 0, 0, 0, 0, 0, 1, 0
0.8902, 0.8902, 0.925843137254903, 0, 0, 0, 0, 0, 0, 0, 0, 1, 0
0.8902, 0.8902, 0.925960784313727, 0, 0, 0, 0, 0, 0, 0, 0, 1, 0
0.8902, 0.8902, 0.92607843137255, 0, 0, 0, 0, 0, 0, 0, 0, 1, 0
0.8902, 0.8902, 0.926196078431374, 0, 0, 0, 0, 0, 0, 0, 0, 1, 0
0.8902, 0.8902, 0.926313725490197, 0, 0, 0, 0, 0, 0, 0, 0, 1, 0
0.8902, 0.8902, 0.926431372549021, 0, 0, 0, 0, 0, 0, 0, 0, 1, 0
0.8902, 0.8902, 0.926549019607845, 0, 0, 0, 0, 0, 0, 0, 0, 1, 0
0.8902, 0.8902, 0.926666666666668, 0, 0, 0, 0, 0, 0, 0, 0, 1, 0
0.8902, 0.8902, 0.926784313725492, 0, 0, 0, 0, 0, 0, 0, 0, 1, 0
0.8902, 0.8902, 0.926901960784315, 0, 0, 0, 0, 0, 0, 0, 0, 1, 0
0.8902, 0.8902, 0.927019607843139, 0, 0, 0, 0, 0, 0, 0, 0, 1, 0
0.8902, 0.8902, 0.927137254901962, 0, 0, 0, 0, 0, 0, 0, 0, 1, 0
0.8902, 0.8902, 0.927254901960786, 0, 0, 0, 0, 0, 0, 0, 0, 1, 0
0.8902, 0.8902, 0.927372549019609, 0, 0, 0, 0, 0, 0, 0, 0, 1, 0
0.8902, 0.8902, 0.927490196078433, 0, 0, 0, 0, 0, 0, 0, 0, 1, 0
0.8902, 0.8902, 0.927607843137256, 0, 0, 0, 0, 0, 0, 0, 0, 1, 0
0.8902, 0.8902, 0.92772549019608, 0, 0, 0, 0, 0, 0, 0, 0, 1, 0
0.8902, 0.8902, 0.927843137254903, 0, 0, 0, 0, 0, 0, 0, 0, 1, 0
0.8902, 0.8902, 0.927960784313727, 0, 0, 0, 0, 0, 0, 0, 0, 1, 0
0.8902, 0.8902, 0.92807843137255, 0, 0, 0, 0, 0, 0, 0, 0, 1, 0
0.8902, 0.8902, 0.928196078431374, 0, 0, 0, 0, 0, 0, 0, 0, 1, 0
0.8902, 0.8902, 0.928313725490198, 0, 0, 0, 0, 0, 0, 0, 0, 1, 0
0.8902, 0.8902, 0.928431372549021, 0, 0, 0, 0, 0, 0, 0, 0, 1, 0
0.8902, 0.8902, 0.928549019607845, 0, 0, 0, 0, 0, 0, 0, 0, 1, 0
0.8902, 0.8902, 0.928666666666668, 0, 0, 0, 0, 0, 0, 0, 0, 1, 0
0.8902, 0.8902, 0.928784313725492, 0, 0, 0, 0, 0, 0, 0, 0, 1, 0
0.8902, 0.8902, 0.928901960784315, 0, 0, 0, 0, 0, 0, 0, 0, 1, 0
0.8902, 0.8902, 0.929019607843139, 0, 0, 0, 0, 0, 0, 0, 0, 1, 0
0.8902, 0.8902, 0.929137254901962, 0, 0, 0, 0, 0, 0, 0, 0, 1, 0
0.8902, 0.8902, 0.929254901960786, 0, 0, 0, 0, 0, 0, 0, 0, 1, 0
0.8902, 0.8902, 0.929372549019609, 0, 0, 0, 0, 0, 0, 0, 0, 1, 0
0.8902, 0.8902, 0.929490196078433, 0, 0, 0, 0, 0, 0, 0, 0, 1, 0
0.8902, 0.8902, 0.929607843137256, 0, 0, 0, 0, 0, 0, 0, 0, 1, 0
0.8902, 0.8902, 0.92972549019608, 0, 0, 0, 0, 0, 0, 0, 0, 1, 0
0.8902, 0.8902, 0.929843137254903, 0, 0, 0, 0, 0, 0, 0, 0, 1, 0
0.8902, 0.8902, 0.929960784313727, 0, 0, 0, 0, 0, 0, 0, 0, 1, 0
0.8902, 0.8902, 0.930078431372551, 0, 0, 0, 0, 0, 0, 0, 0, 1, 0
0.8902, 0.8902, 0.930196078431374, 0, 0, 0, 0, 0, 0, 0, 0, 1, 0
0.8902, 0.8902, 0.930313725490198, 0, 0, 0, 0, 0, 0, 0, 0, 1, 0
0.8902, 0.8902, 0.930431372549021, 0, 0, 0, 0, 0, 0, 0, 0, 1, 0
0.8902, 0.8902, 0.930549019607845, 0, 0, 0, 0, 0, 0, 0, 0, 1, 0
0.8902, 0.8902, 0.930666666666668, 0, 0, 0, 0, 0, 0, 0, 0, 1, 0
0.8902, 0.8902, 0.930784313725492, 0, 0, 0, 0, 0, 0, 0, 0, 1, 0
0.8902, 0.8902, 0.930901960784315, 0, 0, 0, 0, 0, 0, 0, 0, 1, 0
0.8902, 0.8902, 0.931019607843139, 0, 0, 0, 0, 0, 0, 0, 0, 1, 0
0.8902, 0.8902, 0.931137254901962, 0, 0, 0, 0, 0, 0, 0, 0, 1, 0
0.8902, 0.8902, 0.931254901960786, 0, 0, 0, 0, 0, 0, 0, 0, 1, 0
0.8902, 0.8902, 0.931372549019609, 0, 0, 0, 0, 0, 0, 0, 0, 1, 0
0.8902, 0.8902, 0.931490196078433, 0, 0, 0, 0, 0, 0, 0, 0, 1, 0
0.8902, 0.8902, 0.931607843137256, 0, 0, 0, 0, 0, 0, 0, 0, 1, 0
0.8902, 0.8902, 0.93172549019608, 0, 0, 0, 0, 0, 0, 0, 0, 1, 0
0.8902, 0.8902, 0.931843137254904, 0, 0, 0, 0, 0, 0, 0, 0, 1, 0
0.8902, 0.8902, 0.931960784313727, 0, 0, 0, 0, 0, 0, 0, 0, 1, 0
0.8902, 0.8902, 0.932078431372551, 0, 0, 0, 0, 0, 0, 0, 0, 1, 0
0.8902, 0.8902, 0.932196078431374, 0, 0, 0, 0, 0, 0, 0, 0, 1, 0
0.8902, 0.8902, 0.932313725490198, 0, 0, 0, 0, 0, 0, 0, 0, 1, 0
0.8902, 0.8902, 0.932431372549021, 0, 0, 0, 0, 0, 0, 0, 0, 1, 0
0.8902, 0.8902, 0.932549019607845, 0, 0, 0, 0, 0, 0, 0, 0, 1, 0
0.8902, 0.8902, 0.932666666666668, 0, 0, 0, 0, 0, 0, 0, 0, 1, 0
0.8902, 0.8902, 0.932784313725492, 0, 0, 0, 0, 0, 0, 0, 0, 1, 0
0.8902, 0.8902, 0.932901960784315, 0, 0, 0, 0, 0, 0, 0, 0, 1, 0
0.8902, 0.8902, 0.933019607843139, 0, 0, 0, 0, 0, 0, 0, 0, 1, 0
0.8902, 0.8902, 0.933137254901962, 0, 0, 0, 0, 0, 0, 0, 0, 1, 0
0.8902, 0.8902, 0.933254901960786, 0, 0, 0, 0, 0, 0, 0, 0, 1, 0
0.8902, 0.8902, 0.93337254901961, 0, 0, 0, 0, 0, 0, 0, 0, 1, 0
0.8902, 0.8902, 0.933490196078433, 0, 0, 0, 0, 0, 0, 0, 0, 1, 0
0.8902, 0.8902, 0.933607843137257, 0, 0, 0, 0, 0, 0, 0, 0, 1, 0
0.8902, 0.8902, 0.93372549019608, 0, 0, 0, 0, 0, 0, 0, 0, 1, 0
0.8902, 0.8902, 0.933843137254904, 0, 0, 0, 0, 0, 0, 0, 0, 1, 0
0.8902, 0.8902, 0.933960784313727, 0, 0, 0, 0, 0, 0, 0, 0, 1, 0
0.8902, 0.8902, 0.934078431372551, 0, 0, 0, 0, 0, 0, 0, 0, 1, 0
0.8902, 0.8902, 0.934196078431374, 0, 0, 0, 0, 0, 0, 0, 0, 1, 0
0.8902, 0.8902, 0.934313725490198, 0, 0, 0, 0, 0, 0, 0, 0, 1, 0
0.8902, 0.8902, 0.934431372549021, 0, 0, 0, 0, 0, 0, 0, 0, 1, 0
0.8902, 0.8902, 0.934549019607845, 0, 0, 0, 0, 0, 0, 0, 0, 1, 0
0.8902, 0.8902, 0.934666666666668, 0, 0, 0, 0, 0, 0, 0, 0, 1, 0
0.8902, 0.8902, 0.934784313725492, 0, 0, 0, 0, 0, 0, 0, 0, 1, 0
0.8902, 0.8902, 0.934901960784315, 0, 0, 0, 0, 0, 0, 0, 0, 1, 0
0.8902, 0.8902, 0.935019607843139, 0, 0, 0, 0, 0, 0, 0, 0, 1, 0
0.8902, 0.8902, 0.935137254901963, 0, 0, 0, 0, 0, 0, 0, 0, 1, 0
0.8902, 0.8902, 0.935254901960786, 0, 0, 0, 0, 0, 0, 0, 0, 1, 0
0.8902, 0.8902, 0.93537254901961, 0, 0, 0, 0, 0, 0, 0, 0, 1, 0
0.8902, 0.8902, 0.935490196078433, 0, 0, 0, 0, 0, 0, 0, 0, 1, 0
0.8902, 0.8902, 0.935607843137257, 0, 0, 0, 0, 0, 0, 0, 0, 1, 0
0.8902, 0.8902, 0.93572549019608, 0, 0, 0, 0, 0, 0, 0, 0, 1, 0
0.8902, 0.8902, 0.935843137254904, 0, 0, 0, 0, 0, 0, 0, 0, 1, 0
0.8902, 0.8902, 0.935960784313727, 0, 0, 0, 0, 0, 0, 0, 0, 1, 0
0.8902, 0.8902, 0.936078431372551, 0, 0, 0, 0, 0, 0, 0, 0, 1, 0
0.8902, 0.8902, 0.936196078431374, 0, 0, 0, 0, 0, 0, 0, 0, 1, 0
0.8902, 0.8902, 0.936313725490198, 0, 0, 0, 0, 0, 0, 0, 0, 1, 0
0.8902, 0.8902, 0.936431372549021, 0, 0, 0, 0, 0, 0, 0, 0, 1, 0
0.8902, 0.8902, 0.936549019607845, 0, 0, 0, 0, 0, 0, 0, 0, 1, 0
0.8902, 0.8902, 0.936666666666668, 0, 0, 0, 0, 0, 0, 0, 0, 1, 0
0.8902, 0.8902, 0.936784313725492, 0, 0, 0, 0, 0, 0, 0, 0, 1, 0
0.8902, 0.8902, 0.936901960784316, 0, 0, 0, 0, 0, 0, 0, 0, 1, 0
0.8902, 0.8902, 0.937019607843139, 0, 0, 0, 0, 0, 0, 0, 0, 1, 0
0.8902, 0.8902, 0.937137254901963, 0, 0, 0, 0, 0, 0, 0, 0, 1, 0
0.8902, 0.8902, 0.937254901960786, 0, 0, 0, 0, 0, 0, 0, 0, 1, 0
0.8902, 0.8902, 0.93737254901961, 0, 0, 0, 0, 0, 0, 0, 0, 1, 0
0.8902, 0.8902, 0.937490196078433, 0, 0, 0, 0, 0, 0, 0, 0, 1, 0
0.8902, 0.8902, 0.937607843137257, 0, 0, 0, 0, 0, 0, 0, 0, 1, 0
0.8902, 0.8902, 0.93772549019608, 0, 0, 0, 0, 0, 0, 0, 0, 1, 0
0.8902, 0.8902, 0.937843137254904, 0, 0, 0, 0, 0, 0, 0, 0, 1, 0
0.8902, 0.8902, 0.937960784313727, 0, 0, 0, 0, 0, 0, 0, 0, 1, 0
0.8902, 0.8902, 0.938078431372551, 0, 0, 0, 0, 0, 0, 0, 0, 1, 0
0.8902, 0.8902, 0.938196078431374, 0, 0, 0, 0, 0, 0, 0, 0, 1, 0
0.8902, 0.8902, 0.938313725490198, 0, 0, 0, 0, 0, 0, 0, 0, 1, 0
0.8902, 0.8902, 0.938431372549021, 0, 0, 0, 0, 0, 0, 0, 0, 1, 0
0.8902, 0.8902, 0.938549019607845, 0, 0, 0, 0, 0, 0, 0, 0, 1, 0
0.8902, 0.8902, 0.938666666666669, 0, 0, 0, 0, 0, 0, 0, 0, 1, 0
0.8902, 0.8902, 0.938784313725492, 0, 0, 0, 0, 0, 0, 0, 0, 1, 0
0.8902, 0.8902, 0.938901960784316, 0, 0, 0, 0, 0, 0, 0, 0, 1, 0
0.8902, 0.8902, 0.939019607843139, 0, 0, 0, 0, 0, 0, 0, 0, 1, 0
0.8902, 0.8902, 0.939137254901963, 0, 0, 0, 0, 0, 0, 0, 0, 1, 0
0.8902, 0.8902, 0.939254901960786, 0, 0, 0, 0, 0, 0, 0, 0, 1, 0
0.8902, 0.8902, 0.93937254901961, 0, 0, 0, 0, 0, 0, 0, 0, 1, 0
0.8902, 0.8902, 0.939490196078433, 0, 0, 0, 0, 0, 0, 0, 0, 1, 0
0.8902, 0.8902, 0.939607843137257, 0, 0, 0, 0, 0, 0, 0, 0, 1, 0
0.8902, 0.8902, 0.93972549019608, 0, 0, 0, 0, 0, 0, 0, 0, 1, 0
0.8902, 0.8902, 0.939843137254904, 0, 0, 0, 0, 0, 0, 0, 0, 1, 0
0.8902, 0.8902, 0.939960784313727, 0, 0, 0, 0, 0, 0, 0, 0, 1, 0
0.8902, 0.8902, 0.940078431372551, 0, 0, 0, 0, 0, 0, 0, 0, 1, 0
0.8902, 0.8902, 0.940196078431374, 0, 0, 0, 0, 0, 0, 0, 0, 1, 0
0.8902, 0.8902, 0.940313725490198, 0, 0, 0, 0, 0, 0, 0, 0, 1, 0
0.8902, 0.8902, 0.940431372549022, 0, 0, 0, 0, 0, 0, 0, 0, 1, 0
0.8902, 0.8902, 0.940549019607845, 0, 0, 0, 0, 0, 0, 0, 0, 1, 0
0.8902, 0.8902, 0.940666666666669, 0, 0, 0, 0, 0, 0, 0, 0, 1, 0
0.8902, 0.8902, 0.940784313725492, 0, 0, 0, 0, 0, 0, 0, 0, 1, 0
0.8902, 0.8902, 0.940901960784316, 0, 0, 0, 0, 0, 0, 0, 0, 1, 0
0.8902, 0.8902, 0.941019607843139, 0, 0, 0, 0, 0, 0, 0, 0, 1, 0
0.8902, 0.8902, 0.941137254901963, 0, 0, 0, 0, 0, 0, 0, 0, 1, 0
0.8902, 0.8902, 0.941254901960786, 0, 0, 0, 0, 0, 0, 0, 0, 1, 0
0.8902, 0.8902, 0.94137254901961, 0, 0, 0, 0, 0, 0, 0, 0, 1, 0
0.8902, 0.8902, 0.941490196078433, 0, 0, 0, 0, 0, 0, 0, 0, 1, 0
0.8902, 0.8902, 0.941607843137257, 0, 0, 0, 0, 0, 0, 0, 0, 1, 0
0.8902, 0.8902, 0.94172549019608, 0, 0, 0, 0, 0, 0, 0, 0, 1, 0
0.8902, 0.8902, 0.941843137254904, 0, 0, 0, 0, 0, 0, 0, 0, 1, 0
0.8902, 0.8902, 0.941960784313727, 0, 0, 0, 0, 0, 0, 0, 0, 1, 0
0.8902, 0.8902, 0.942078431372551, 0, 0, 0, 0, 0, 0, 0, 0, 1, 0
0.8902, 0.8902, 0.942196078431375, 0, 0, 0, 0, 0, 0, 0, 0, 1, 0
0.8902, 0.8902, 0.942313725490198, 0, 0, 0, 0, 0, 0, 0, 0, 1, 0
0.8902, 0.8902, 0.942431372549022, 0, 0, 0, 0, 0, 0, 0, 0, 1, 0
0.8902, 0.8902, 0.942549019607845, 0, 0, 0, 0, 0, 0, 0, 0, 1, 0
0.8902, 0.8902, 0.942666666666669, 0, 0, 0, 0, 0, 0, 0, 0, 1, 0
0.8902, 0.8902, 0.942784313725492, 0, 0, 0, 0, 0, 0, 0, 0, 1, 0
0.8902, 0.8902, 0.942901960784316, 0, 0, 0, 0, 0, 0, 0, 0, 1, 0
0.8902, 0.8902, 0.943019607843139, 0, 0, 0, 0, 0, 0, 0, 0, 1, 0
0.8902, 0.8902, 0.943137254901963, 0, 0, 0, 0, 0, 0, 0, 0, 1, 0
0.8902, 0.8902, 0.943254901960786, 0, 0, 0, 0, 0, 0, 0, 0, 1, 0
0.8902, 0.8902, 0.94337254901961, 0, 0, 0, 0, 0, 0, 0, 0, 1, 0
0.8902, 0.8902, 0.943490196078433, 0, 0, 0, 0, 0, 0, 0, 0, 1, 0
0.8902, 0.8902, 0.943607843137257, 0, 0, 0, 0, 0, 0, 0, 0, 1, 0
0.8902, 0.8902, 0.94372549019608, 0, 0, 0, 0, 0, 0, 0, 0, 1, 0
0.8902, 0.8902, 0.943843137254904, 0, 0, 0, 0, 0, 0, 0, 0, 1, 0
0.8902, 0.8902, 0.943960784313728, 0, 0, 0, 0, 0, 0, 0, 0, 1, 0
0.8902, 0.8902, 0.944078431372551, 0, 0, 0, 0, 0, 0, 0, 0, 1, 0
0.8902, 0.8902, 0.944196078431375, 0, 0, 0, 0, 0, 0, 0, 0, 1, 0
0.8902, 0.8902, 0.944313725490198, 0, 0, 0, 0, 0, 0, 0, 0, 1, 0
0.8902, 0.8902, 0.944431372549022, 0, 0, 0, 0, 0, 0, 0, 0, 1, 0
0.8902, 0.8902, 0.944549019607845, 0, 0, 0, 0, 0, 0, 0, 0, 1, 0
0.8902, 0.8902, 0.944666666666669, 0, 0, 0, 0, 0, 0, 0, 0, 1, 0
0.8902, 0.8902, 0.944784313725492, 0, 0, 0, 0, 0, 0, 0, 0, 1, 0
0.8902, 0.8902, 0.944901960784316, 0, 0, 0, 0, 0, 0, 0, 0, 1, 0
0.8902, 0.8902, 0.945019607843139, 0, 0, 0, 0, 0, 0, 0, 0, 1, 0
0.8902, 0.8902, 0.945137254901963, 0, 0, 0, 0, 0, 0, 0, 0, 1, 0
0.8902, 0.8902, 0.945254901960786, 0, 0, 0, 0, 0, 0, 0, 0, 1, 0
0.8902, 0.8902, 0.94537254901961, 0, 0, 0, 0, 0, 0, 0, 0, 1, 0
0.8902, 0.8902, 0.945490196078433, 0, 0, 0, 0, 0, 0, 0, 0, 1, 0
0.8902, 0.8902, 0.945607843137257, 0, 0, 0, 0, 0, 0, 0, 0, 1, 0
0.8902, 0.8902, 0.945725490196081, 0, 0, 0, 0, 0, 0, 0, 0, 1, 0
0.8902, 0.8902, 0.945843137254904, 0, 0, 0, 0, 0, 0, 0, 0, 1, 0
0.8902, 0.8902, 0.945960784313728, 0, 0, 0, 0, 0, 0, 0, 0, 1, 0
0.8902, 0.8902, 0.946078431372551, 0, 0, 0, 0, 0, 0, 0, 0, 1, 0
0.8902, 0.8902, 0.946196078431375, 0, 0, 0, 0, 0, 0, 0, 0, 1, 0
0.8902, 0.8902, 0.946313725490198, 0, 0, 0, 0, 0, 0, 0, 0, 1, 0
0.8902, 0.8902, 0.946431372549022, 0, 0, 0, 0, 0, 0, 0, 0, 1, 0
0.8902, 0.8902, 0.946549019607845, 0, 0, 0, 0, 0, 0, 0, 0, 1, 0
0.8902, 0.8902, 0.946666666666669, 0, 0, 0, 0, 0, 0, 0, 0, 1, 0
0.8902, 0.8902, 0.946784313725492, 0, 0, 0, 0, 0, 0, 0, 0, 1, 0
0.8902, 0.8902, 0.946901960784316, 0, 0, 0, 0, 0, 0, 0, 0, 1, 0
0.8902, 0.8902, 0.947019607843139, 0, 0, 0, 0, 0, 0, 0, 0, 1, 0
0.8902, 0.8902, 0.947137254901963, 0, 0, 0, 0, 0, 0, 0, 0, 1, 0
0.8902, 0.8902, 0.947254901960786, 0, 0, 0, 0, 0, 0, 0, 0, 1, 0
0.8902, 0.8902, 0.94737254901961, 0, 0, 0, 0, 0, 0, 0, 0, 1, 0
0.8902, 0.8902, 0.947490196078434, 0, 0, 0, 0, 0, 0, 0, 0, 1, 0
0.8902, 0.8902, 0.947607843137257, 0, 0, 0, 0, 0, 0, 0, 0, 1, 0
0.8902, 0.8902, 0.947725490196081, 0, 0, 0, 0, 0, 0, 0, 0, 1, 0
0.8902, 0.8902, 0.947843137254904, 0, 0, 0, 0, 0, 0, 0, 0, 1, 0
0.8902, 0.8902, 0.947960784313728, 0, 0, 0, 0, 0, 0, 0, 0, 1, 0
0.8902, 0.8902, 0.948078431372551, 0, 0, 0, 0, 0, 0, 0, 0, 1, 0
0.8902, 0.8902, 0.948196078431375, 0, 0, 0, 0, 0, 0, 0, 0, 1, 0
0.8902, 0.8902, 0.948313725490198, 0, 0, 0, 0, 0, 0, 0, 0, 1, 0
0.8902, 0.8902, 0.948431372549022, 0, 0, 0, 0, 0, 0, 0, 0, 1, 0
0.8902, 0.8902, 0.948549019607845, 0, 0, 0, 0, 0, 0, 0, 0, 1, 0
0.8902, 0.8902, 0.948666666666669, 0, 0, 0, 0, 0, 0, 0, 0, 1, 0
0.8902, 0.8902, 0.948784313725492, 0, 0, 0, 0, 0, 0, 0, 0, 1, 0
0.8902, 0.8902, 0.948901960784316, 0, 0, 0, 0, 0, 0, 0, 0, 1, 0
0.8902, 0.8902, 0.949019607843139, 0, 0, 0, 0, 0, 0, 0, 0, 1, 0
0.8902, 0.8902, 0.949137254901963, 0, 0, 0, 0, 0, 0, 0, 0, 1, 0
0.8902, 0.8902, 0.949254901960787, 0, 0, 0, 0, 0, 0, 0, 0, 1, 0
0.8902, 0.8902, 0.94937254901961, 0, 0, 0, 0, 0, 0, 0, 0, 1, 0
0.8902, 0.8902, 0.949490196078434, 0, 0, 0, 0, 0, 0, 0, 0, 1, 0
0.8902, 0.8902, 0.949607843137257, 0, 0, 0, 0, 0, 0, 0, 0, 1, 0
0.8902, 0.8902, 0.949725490196081, 0, 0, 0, 0, 0, 0, 0, 0, 1, 0
0.8902, 0.8902, 0.949843137254904, 0, 0, 0, 0, 0, 0, 0, 0, 1, 0
0.8902, 0.8902, 0.949960784313728, 0, 0, 0, 0, 0, 0, 0, 0, 1, 0
0.8902, 0.8902, 0.950078431372551, 0, 0, 0, 0, 0, 0, 0, 0, 1, 0
0.8902, 0.8902, 0.950196078431375, 0, 0, 0, 0, 0, 0, 0, 0, 1, 0
0.8902, 0.8902, 0.950313725490198, 0, 0, 0, 0, 0, 0, 0, 0, 1, 0
0.8902, 0.8902, 0.950431372549022, 0, 0, 0, 0, 0, 0, 0, 0, 1, 0
0.8902, 0.8902, 0.950549019607845, 0, 0, 0, 0, 0, 0, 0, 0, 1, 0
0.8902, 0.8902, 0.950666666666669, 0, 0, 0, 0, 0, 0, 0, 0, 1, 0
0.8902, 0.8902, 0.950784313725493, 0, 0, 0, 0, 0, 0, 0, 0, 1, 0
0.8902, 0.8902, 0.950901960784316, 0, 0, 0, 0, 0, 0, 0, 0, 1, 0
0.8902, 0.8902, 0.95101960784314, 0, 0, 0, 0, 0, 0, 0, 0, 1, 0
0.8902, 0.8902, 0.951137254901963, 0, 0, 0, 0, 0, 0, 0, 0, 1, 0
0.8902, 0.8902, 0.951254901960787, 0, 0, 0, 0, 0, 0, 0, 0, 1, 0
0.8902, 0.8902, 0.95137254901961, 0, 0, 0, 0, 0, 0, 0, 0, 1, 0
0.8902, 0.8902, 0.951490196078434, 0, 0, 0, 0, 0, 0, 0, 0, 1, 0
0.8902, 0.8902, 0.951607843137257, 0, 0, 0, 0, 0, 0, 0, 0, 1, 0
0.8902, 0.8902, 0.951725490196081, 0, 0, 0, 0, 0, 0, 0, 0, 1, 0
0.8902, 0.8902, 0.951843137254904, 0, 0, 0, 0, 0, 0, 0, 0, 1, 0
0.8902, 0.8902, 0.951960784313728, 0, 0, 0, 0, 0, 0, 0, 0, 1, 0
0.8902, 0.8902, 0.952078431372551, 0, 0, 0, 0, 0, 0, 0, 0, 1, 0
0.8902, 0.8902, 0.952196078431375, 0, 0, 0, 0, 0, 0, 0, 0, 1, 0
0.8902, 0.8902, 0.952313725490198, 0, 0, 0, 0, 0, 0, 0, 0, 1, 0
0.8902, 0.8902, 0.952431372549022, 0, 0, 0, 0, 0, 0, 0, 0, 1, 0
0.8902, 0.8902, 0.952549019607846, 0, 0, 0, 0, 0, 0, 0, 0, 1, 0
0.8902, 0.8902, 0.952666666666669, 0, 0, 0, 0, 0, 0, 0, 0, 1, 0
0.8902, 0.8902, 0.952784313725493, 0, 0, 0, 0, 0, 0, 0, 0, 1, 0
0.8902, 0.8902, 0.952901960784316, 0, 0, 0, 0, 0, 0, 0, 0, 1, 0
0.8902, 0.8902, 0.95301960784314, 0, 0, 0, 0, 0, 0, 0, 0, 1, 0
0.8902, 0.8902, 0.953137254901963, 0, 0, 0, 0, 0, 0, 0, 0, 1, 0
0.8902, 0.8902, 0.953254901960787, 0, 0, 0, 0, 0, 0, 0, 0, 1, 0
0.8902, 0.8902, 0.95337254901961, 0, 0, 0, 0, 0, 0, 0, 0, 1, 0
0.8902, 0.8902, 0.953490196078434, 0, 0, 0, 0, 0, 0, 0, 0, 1, 0
0.8902, 0.8902, 0.953607843137257, 0, 0, 0, 0, 0, 0, 0, 0, 1, 0
0.8902, 0.8902, 0.953725490196081, 0, 0, 0, 0, 0, 0, 0, 0, 1, 0
0.8902, 0.8902, 0.953843137254904, 0, 0, 0, 0, 0, 0, 0, 0, 1, 0
0.8902, 0.8902, 0.953960784313728, 0, 0, 0, 0, 0, 0, 0, 0, 1, 0
0.8902, 0.8902, 0.954078431372551, 0, 0, 0, 0, 0, 0, 0, 0, 1, 0
0.8902, 0.8902, 0.954196078431375, 0, 0, 0, 0, 0, 0, 0, 0, 1, 0
0.8902, 0.8902, 0.954313725490199, 0, 0, 0, 0, 0, 0, 0, 0, 1, 0
0.8902, 0.8902, 0.954431372549022, 0, 0, 0, 0, 0, 0, 0, 0, 1, 0
0.8902, 0.8902, 0.954549019607846, 0, 0, 0, 0, 0, 0, 0, 0, 1, 0
0.8902, 0.8902, 0.954666666666669, 0, 0, 0, 0, 0, 0, 0, 0, 1, 0
0.8902, 0.8902, 0.954784313725493, 0, 0, 0, 0, 0, 0, 0, 0, 1, 0
0.8902, 0.8902, 0.954901960784316, 0, 0, 0, 0, 0, 0, 0, 0, 1, 0
0.8902, 0.8902, 0.95501960784314, 0, 0, 0, 0, 0, 0, 0, 0, 1, 0
0.8902, 0.8902, 0.955137254901963, 0, 0, 0, 0, 0, 0, 0, 0, 1, 0
0.8902, 0.8902, 0.955254901960787, 0, 0, 0, 0, 0, 0, 0, 0, 1, 0
0.8902, 0.8902, 0.95537254901961, 0, 0, 0, 0, 0, 0, 0, 0, 1, 0
0.8902, 0.8902, 0.955490196078434, 0, 0, 0, 0, 0, 0, 0, 0, 1, 0
0.8902, 0.8902, 0.955607843137257, 0, 0, 0, 0, 0, 0, 0, 0, 1, 0
0.8902, 0.8902, 0.955725490196081, 0, 0, 0, 0, 0, 0, 0, 0, 1, 0
0.8902, 0.8902, 0.955843137254904, 0, 0, 0, 0, 0, 0, 0, 0, 1, 0
0.8902, 0.8902, 0.955960784313728, 0, 0, 0, 0, 0, 0, 0, 0, 1, 0
0.8902, 0.8902, 0.956078431372552, 0, 0, 0, 0, 0, 0, 0, 0, 1, 0
0.8902, 0.8902, 0.956196078431375, 0, 0, 0, 0, 0, 0, 0, 0, 1, 0
0.8902, 0.8902, 0.956313725490199, 0, 0, 0, 0, 0, 0, 0, 0, 1, 0
0.8902, 0.8902, 0.956431372549022, 0, 0, 0, 0, 0, 0, 0, 0, 1, 0
0.8902, 0.8902, 0.956549019607846, 0, 0, 0, 0, 0, 0, 0, 0, 1, 0
0.8902, 0.8902, 0.956666666666669, 0, 0, 0, 0, 0, 0, 0, 0, 1, 0
0.8902, 0.8902, 0.956784313725493, 0, 0, 0, 0, 0, 0, 0, 0, 1, 0
0.8902, 0.8902, 0.956901960784316, 0, 0, 0, 0, 0, 0, 0, 0, 1, 0
0.8902, 0.8902, 0.95701960784314, 0, 0, 0, 0, 0, 0, 0, 0, 1, 0
0.8902, 0.8902, 0.957137254901963, 0, 0, 0, 0, 0, 0, 0, 0, 1, 0
0.8902, 0.8902, 0.957254901960787, 0, 0, 0, 0, 0, 0, 0, 0, 1, 0
0.8902, 0.8902, 0.95737254901961, 0, 0, 0, 0, 0, 0, 0, 0, 1, 0
0.8902, 0.8902, 0.957490196078434, 0, 0, 0, 0, 0, 0, 0, 0, 1, 0
0.8902, 0.8902, 0.957607843137257, 0, 0, 0, 0, 0, 0, 0, 0, 1, 0
0.8902, 0.8902, 0.957725490196081, 0, 0, 0, 0, 0, 0, 0, 0, 1, 0
0.8902, 0.8902, 0.957843137254905, 0, 0, 0, 0, 0, 0, 0, 0, 1, 0
0.8902, 0.8902, 0.957960784313728, 0, 0, 0, 0, 0, 0, 0, 0, 1, 0
0.8902, 0.8902, 0.958078431372552, 0, 0, 0, 0, 0, 0, 0, 0, 1, 0
0.8902, 0.8902, 0.958196078431375, 0, 0, 0, 0, 0, 0, 0, 0, 1, 0
0.8902, 0.8902, 0.958313725490199, 0, 0, 0, 0, 0, 0, 0, 0, 1, 0
0.8902, 0.8902, 0.958431372549022, 0, 0, 0, 0, 0, 0, 0, 0, 1, 0
0.8902, 0.8902, 0.958549019607846, 0, 0, 0, 0, 0, 0, 0, 0, 1, 0
0.8902, 0.8902, 0.958666666666669, 0, 0, 0, 0, 0, 0, 0, 0, 1, 0
0.8902, 0.8902, 0.958784313725493, 0, 0, 0, 0, 0, 0, 0, 0, 1, 0
0.8902, 0.8902, 0.958901960784316, 0, 0, 0, 0, 0, 0, 0, 0, 1, 0
0.8902, 0.8902, 0.95901960784314, 0, 0, 0, 0, 0, 0, 0, 0, 1, 0
0.8902, 0.8902, 0.959137254901963, 0, 0, 0, 0, 0, 0, 0, 0, 1, 0
0.8902, 0.8902, 0.959254901960787, 0, 0, 0, 0, 0, 0, 0, 0, 1, 0
0.8902, 0.8902, 0.95937254901961, 0, 0, 0, 0, 0, 0, 0, 0, 1, 0
0.8902, 0.8902, 0.959490196078434, 0, 0, 0, 0, 0, 0, 0, 0, 1, 0
0.8902, 0.8902, 0.959607843137258, 0, 0, 0, 0, 0, 0, 0, 0, 1, 0
0.8902, 0.8902, 0.959725490196081, 0, 0, 0, 0, 0, 0, 0, 0, 1, 0
0.8902, 0.8902, 0.959843137254905, 0, 0, 0, 0, 0, 0, 0, 0, 1, 0
0.8902, 0.8902, 0.959960784313728, 0, 0, 0, 0, 0, 0, 0, 0, 1, 0
0.8902, 0.8902, 0.960078431372552, 0, 0, 0, 0, 0, 0, 0, 0, 1, 0
0.8902, 0.8902, 0.960196078431375, 0, 0, 0, 0, 0, 0, 0, 0, 1, 0
0.8902, 0.8902, 0.960313725490199, 0, 0, 0, 0, 0, 0, 0, 0, 1, 0
0.8902, 0.8902, 0.960431372549022, 0, 0, 0, 0, 0, 0, 0, 0, 1, 0
0.8902, 0.8902, 0.960549019607846, 0, 0, 0, 0, 0, 0, 0, 0, 1, 0
0.8902, 0.8902, 0.960666666666669, 0, 0, 0, 0, 0, 0, 0, 0, 1, 0
0.8902, 0.8902, 0.960784313725493, 0, 0, 0, 0, 0, 0, 0, 0, 1, 0
0.8902, 0.8902, 0.960901960784316, 0, 0, 0, 0, 0, 0, 0, 0, 1, 0
0.8902, 0.8902, 0.96101960784314, 0, 0, 0, 0, 0, 0, 0, 0, 1, 0
0.8902, 0.8902, 0.961137254901963, 0, 0, 0, 0, 0, 0, 0, 0, 1, 0
0.8902, 0.8902, 0.961254901960787, 0, 0, 0, 0, 0, 0, 0, 0, 1, 0
0.8902, 0.8902, 0.961372549019611, 0, 0, 0, 0, 0, 0, 0, 0, 1, 0
0.8902, 0.8902, 0.961490196078434, 0, 0, 0, 0, 0, 0, 0, 0, 1, 0
0.8902, 0.8902, 0.961607843137258, 0, 0, 0, 0, 0, 0, 0, 0, 1, 0
0.8902, 0.8902, 0.961725490196081, 0, 0, 0, 0, 0, 0, 0, 0, 1, 0
0.8902, 0.8902, 0.961843137254905, 0, 0, 0, 0, 0, 0, 0, 0, 1, 0
0.8902, 0.8902, 0.961960784313728, 0, 0, 0, 0, 0, 0, 0, 0, 1, 0
0.8902, 0.8902, 0.962078431372552, 0, 0, 0, 0, 0, 0, 0, 0, 1, 0
0.8902, 0.8902, 0.962196078431375, 0, 0, 0, 0, 0, 0, 0, 0, 1, 0
0.8902, 0.8902, 0.962313725490199, 0, 0, 0, 0, 0, 0, 0, 0, 1, 0
0.8902, 0.8902, 0.962431372549022, 0, 0, 0, 0, 0, 0, 0, 0, 1, 0
0.8902, 0.8902, 0.962549019607846, 0, 0, 0, 0, 0, 0, 0, 0, 1, 0
0.8902, 0.8902, 0.962666666666669, 0, 0, 0, 0, 0, 0, 0, 0, 1, 0
0.8902, 0.8902, 0.962784313725493, 0, 0, 0, 0, 0, 0, 0, 0, 1, 0
0.8902, 0.8902, 0.962901960784316, 0, 0, 0, 0, 0, 0, 0, 0, 1, 0
0.8902, 0.8902, 0.96301960784314, 0, 0, 0, 0, 0, 0, 0, 0, 1, 0
0.8902, 0.8902, 0.963137254901964, 0, 0, 0, 0, 0, 0, 0, 0, 1, 0
0.8902, 0.8902, 0.963254901960787, 0, 0, 0, 0, 0, 0, 0, 0, 1, 0
0.8902, 0.8902, 0.963372549019611, 0, 0, 0, 0, 0, 0, 0, 0, 1, 0
0.8902, 0.8902, 0.963490196078434, 0, 0, 0, 0, 0, 0, 0, 0, 1, 0
0.8902, 0.8902, 0.963607843137258, 0, 0, 0, 0, 0, 0, 0, 0, 1, 0
0.8902, 0.8902, 0.963725490196081, 0, 0, 0, 0, 0, 0, 0, 0, 1, 0
0.8902, 0.8902, 0.963843137254905, 0, 0, 0, 0, 0, 0, 0, 0, 1, 0
0.8902, 0.8902, 0.963960784313728, 0, 0, 0, 0, 0, 0, 0, 0, 1, 0
0.8902, 0.8902, 0.964078431372552, 0, 0, 0, 0, 0, 0, 0, 0, 1, 0
0.8902, 0.8902, 0.964196078431375, 0, 0, 0, 0, 0, 0, 0, 0, 1, 0
0.8902, 0.8902, 0.964313725490199, 0, 0, 0, 0, 0, 0, 0, 0, 1, 0
0.8902, 0.8902, 0.964431372549022, 0, 0, 0, 0, 0, 0, 0, 0, 1, 0
0.8902, 0.8902, 0.964549019607846, 0, 0, 0, 0, 0, 0, 0, 0, 1, 0
0.8902, 0.8902, 0.964666666666669, 0, 0, 0, 0, 0, 0, 0, 0, 1, 0
0.8902, 0.8902, 0.964784313725493, 0, 0, 0, 0, 0, 0, 0, 0, 1, 0
0.8902, 0.8902, 0.964901960784317, 0, 0, 0, 0, 0, 0, 0, 0, 1, 0
0.8902, 0.8902, 0.96501960784314, 0, 0, 0, 0, 0, 0, 0, 0, 1, 0
0.8902, 0.8902, 0.965137254901964, 0, 0, 0, 0, 0, 0, 0, 0, 1, 0
0.8902, 0.8902, 0.965254901960787, 0, 0, 0, 0, 0, 0, 0, 0, 1, 0
0.8902, 0.8902, 0.965372549019611, 0, 0, 0, 0, 0, 0, 0, 0, 1, 0
0.8902, 0.8902, 0.965490196078434, 0, 0, 0, 0, 0, 0, 0, 0, 1, 0
0.8902, 0.8902, 0.965607843137258, 0, 0, 0, 0, 0, 0, 0, 0, 1, 0
0.8902, 0.8902, 0.965725490196081, 0, 0, 0, 0, 0, 0, 0, 0, 1, 0
0.8902, 0.8902, 0.965843137254905, 0, 0, 0, 0, 0, 0, 0, 0, 1, 0
0.8902, 0.8902, 0.965960784313728, 0, 0, 0, 0, 0, 0, 0, 0, 1, 0
0.8902, 0.8902, 0.966078431372552, 0, 0, 0, 0, 0, 0, 0, 0, 1, 0
0.8902, 0.8902, 0.966196078431375, 0, 0, 0, 0, 0, 0, 0, 0, 1, 0
0.8902, 0.8902, 0.966313725490199, 0, 0, 0, 0, 0, 0, 0, 0, 1, 0
0.8902, 0.8902, 0.966431372549022, 0, 0, 0, 0, 0, 0, 0, 0, 1, 0
0.8902, 0.8902, 0.966549019607846, 0, 0, 0, 0, 0, 0, 0, 0, 1, 0
0.8902, 0.8902, 0.96666666666667, 0, 0, 0, 0, 0, 0, 0, 0, 1, 0
0.8902, 0.8902, 0.966784313725493, 0, 0, 0, 0, 0, 0, 0, 0, 1, 0
0.8902, 0.8902, 0.966901960784317, 0, 0, 0, 0, 0, 0, 0, 0, 1, 0
0.8902, 0.8902, 0.96701960784314, 0, 0, 0, 0, 0, 0, 0, 0, 1, 0
0.8902, 0.8902, 0.967137254901964, 0, 0, 0, 0, 0, 0, 0, 0, 1, 0
0.8902, 0.8902, 0.967254901960787, 0, 0, 0, 0, 0, 0, 0, 0, 1, 0
0.8902, 0.8902, 0.967372549019611, 0, 0, 0, 0, 0, 0, 0, 0, 1, 0
0.8902, 0.8902, 0.967490196078434, 0, 0, 0, 0, 0, 0, 0, 0, 1, 0
0.8902, 0.8902, 0.967607843137258, 0, 0, 0, 0, 0, 0, 0, 0, 1, 0
0.8902, 0.8902, 0.967725490196081, 0, 0, 0, 0, 0, 0, 0, 0, 1, 0
0.8902, 0.8902, 0.967843137254905, 0, 0, 0, 0, 0, 0, 0, 0, 1, 0
0.8902, 0.8902, 0.967960784313728, 0, 0, 0, 0, 0, 0, 0, 0, 1, 0
0.8902, 0.8902, 0.968078431372552, 0, 0, 0, 0, 0, 0, 0, 0, 1, 0
0.8902, 0.8902, 0.968196078431375, 0, 0, 0, 0, 0, 0, 0, 0, 1, 0
0.8902, 0.8902, 0.968313725490199, 0, 0, 0, 0, 0, 0, 0, 0, 1, 0
0.8902, 0.8902, 0.968431372549023, 0, 0, 0, 0, 0, 0, 0, 0, 1, 0
0.8902, 0.8902, 0.968549019607846, 0, 0, 0, 0, 0, 0, 0, 0, 1, 0
0.8902, 0.8902, 0.96866666666667, 0, 0, 0, 0, 0, 0, 0, 0, 1, 0
0.8902, 0.8902, 0.968784313725493, 0, 0, 0, 0, 0, 0, 0, 0, 1, 0
0.8902, 0.8902, 0.968901960784317, 0, 0, 0, 0, 0, 0, 0, 0, 1, 0
0.8902, 0.8902, 0.96901960784314, 0, 0, 0, 0, 0, 0, 0, 0, 1, 0
0.8902, 0.8902, 0.969137254901964, 0, 0, 0, 0, 0, 0, 0, 0, 1, 0
0.8902, 0.8902, 0.969254901960787, 0, 0, 0, 0, 0, 0, 0, 0, 1, 0
0.8902, 0.8902, 0.969372549019611, 0, 0, 0, 0, 0, 0, 0, 0, 1, 0
0.8902, 0.8902, 0.969490196078434, 0, 0, 0, 0, 0, 0, 0, 0, 1, 0
0.8902, 0.8902, 0.969607843137258, 0, 0, 0, 0, 0, 0, 0, 0, 1, 0
0.8902, 0.8902, 0.969725490196081, 0, 0, 0, 0, 0, 0, 0, 0, 1, 0
0.8902, 0.8902, 0.969843137254905, 0, 0, 0, 0, 0, 0, 0, 0, 1, 0
0.8902, 0.8902, 0.969960784313729, 0, 0, 0, 0, 0, 0, 0, 0, 1, 0
0.8902, 0.8902, 0.970078431372552, 0, 0, 0, 0, 0, 0, 0, 0, 1, 0
0.8902, 0.8902, 0.970196078431376, 0, 0, 0, 0, 0, 0, 0, 0, 1, 0
0.8902, 0.8902, 0.970313725490199, 0, 0, 0, 0, 0, 0, 0, 0, 1, 0
0.8902, 0.8902, 0.970431372549023, 0, 0, 0, 0, 0, 0, 0, 0, 1, 0
0.8902, 0.8902, 0.970549019607846, 0, 0, 0, 0, 0, 0, 0, 0, 1, 0
0.8902, 0.8902, 0.97066666666667, 0, 0, 0, 0, 0, 0, 0, 0, 1, 0
0.8902, 0.8902, 0.970784313725493, 0, 0, 0, 0, 0, 0, 0, 0, 1, 0
0.8902, 0.8902, 0.970901960784317, 0, 0, 0, 0, 0, 0, 0, 0, 1, 0
0.8902, 0.8902, 0.97101960784314, 0, 0, 0, 0, 0, 0, 0, 0, 1, 0
0.8902, 0.8902, 0.971137254901964, 0, 0, 0, 0, 0, 0, 0, 0, 1, 0
0.8902, 0.8902, 0.971254901960787, 0, 0, 0, 0, 0, 0, 0, 0, 1, 0
0.8902, 0.8902, 0.971372549019611, 0, 0, 0, 0, 0, 0, 0, 0, 1, 0
0.8902, 0.8902, 0.971490196078434, 0, 0, 0, 0, 0, 0, 0, 0, 1, 0
0.8902, 0.8902, 0.971607843137258, 0, 0, 0, 0, 0, 0, 0, 0, 1, 0
0.8902, 0.8902, 0.971725490196082, 0, 0, 0, 0, 0, 0, 0, 0, 1, 0
0.8902, 0.8902, 0.971843137254905, 0, 0, 0, 0, 0, 0, 0, 0, 1, 0
0.8902, 0.8902, 0.971960784313729, 0, 0, 0, 0, 0, 0, 0, 0, 1, 0
0.8902, 0.8902, 0.972078431372552, 0, 0, 0, 0, 0, 0, 0, 0, 1, 0
0.8902, 0.8902, 0.972196078431376, 0, 0, 0, 0, 0, 0, 0, 0, 1, 0
0.8902, 0.8902, 0.972313725490199, 0, 0, 0, 0, 0, 0, 0, 0, 1, 0
0.8902, 0.8902, 0.972431372549023, 0, 0, 0, 0, 0, 0, 0, 0, 1, 0
0.8902, 0.8902, 0.972549019607846, 0, 0, 0, 0, 0, 0, 0, 0, 1, 0
0.8902, 0.8902, 0.97266666666667, 0, 0, 0, 0, 0, 0, 0, 0, 1, 0
0.8902, 0.8902, 0.972784313725493, 0, 0, 0, 0, 0, 0, 0, 0, 1, 0
0.8902, 0.8902, 0.972901960784317, 0, 0, 0, 0, 0, 0, 0, 0, 1, 0
0.8902, 0.8902, 0.97301960784314, 0, 0, 0, 0, 0, 0, 0, 0, 1, 0
0.8902, 0.8902, 0.973137254901964, 0, 0, 0, 0, 0, 0, 0, 0, 1, 0
0.8902, 0.8902, 0.973254901960787, 0, 0, 0, 0, 0, 0, 0, 0, 1, 0
0.8902, 0.8902, 0.973372549019611, 0, 0, 0, 0, 0, 0, 0, 0, 1, 0
0.8902, 0.8902, 0.973490196078435, 0, 0, 0, 0, 0, 0, 0, 0, 1, 0
0.8902, 0.8902, 0.973607843137258, 0, 0, 0, 0, 0, 0, 0, 0, 1, 0
0.8902, 0.8902, 0.973725490196082, 0, 0, 0, 0, 0, 0, 0, 0, 1, 0
0.8902, 0.8902, 0.973843137254905, 0, 0, 0, 0, 0, 0, 0, 0, 1, 0
0.8902, 0.8902, 0.973960784313729, 0, 0, 0, 0, 0, 0, 0, 0, 1, 0
0.8902, 0.8902, 0.974078431372552, 0, 0, 0, 0, 0, 0, 0, 0, 1, 0
0.8902, 0.8902, 0.974196078431376, 0, 0, 0, 0, 0, 0, 0, 0, 1, 0
0.8902, 0.8902, 0.974313725490199, 0, 0, 0, 0, 0, 0, 0, 0, 1, 0
0.8902, 0.8902, 0.974431372549023, 0, 0, 0, 0, 0, 0, 0, 0, 1, 0
0.8902, 0.8902, 0.974549019607846, 0, 0, 0, 0, 0, 0, 0, 0, 1, 0
0.8902, 0.8902, 0.97466666666667, 0, 0, 0, 0, 0, 0, 0, 0, 1, 0
0.8902, 0.8902, 0.974784313725493, 0, 0, 0, 0, 0, 0, 0, 0, 1, 0
0.8902, 0.8902, 0.974901960784317, 0, 0, 0, 0, 0, 0, 0, 0, 1, 0
0.8902, 0.8902, 0.97501960784314, 0, 0, 0, 0, 0, 0, 0, 0, 1, 0
0.8902, 0.8902, 0.975137254901964, 0, 0, 0, 0, 0, 0, 0, 0, 1, 0
0.8902, 0.8902, 0.975254901960788, 0, 0, 0, 0, 0, 0, 0, 0, 1, 0
0.8902, 0.8902, 0.975372549019611, 0, 0, 0, 0, 0, 0, 0, 0, 1, 0
0.8902, 0.8902, 0.975490196078435, 0, 0, 0, 0, 0, 0, 0, 0, 1, 0
0.8902, 0.8902, 0.975607843137258, 0, 0, 0, 0, 0, 0, 0, 0, 1, 0
0.8902, 0.8902, 0.975725490196082, 0, 0, 0, 0, 0, 0, 0, 0, 1, 0
0.8902, 0.8902, 0.975843137254905, 0, 0, 0, 0, 0, 0, 0, 0, 1, 0
0.8902, 0.8902, 0.975960784313729, 0, 0, 0, 0, 0, 0, 0, 0, 1, 0
0.8902, 0.8902, 0.976078431372552, 0, 0, 0, 0, 0, 0, 0, 0, 1, 0
0.8902, 0.8902, 0.976196078431376, 0, 0, 0, 0, 0, 0, 0, 0, 1, 0
0.8902, 0.8902, 0.976313725490199, 0, 0, 0, 0, 0, 0, 0, 0, 1, 0
0.8902, 0.8902, 0.976431372549023, 0, 0, 0, 0, 0, 0, 0, 0, 1, 0
0.8902, 0.8902, 0.976549019607846, 0, 0, 0, 0, 0, 0, 0, 0, 1, 0
0.8902, 0.8902, 0.97666666666667, 0, 0, 0, 0, 0, 0, 0, 0, 1, 0
0.8902, 0.8902, 0.976784313725493, 0, 0, 0, 0, 0, 0, 0, 0, 1, 0
0.8902, 0.8902, 0.976901960784317, 0, 0, 0, 0, 0, 0, 0, 0, 1, 0
0.8902, 0.8902, 0.977019607843141, 0, 0, 0, 0, 0, 0, 0, 0, 1, 0
0.8902, 0.8902, 0.977137254901964, 0, 0, 0, 0, 0, 0, 0, 0, 1, 0
0.8902, 0.8902, 0.977254901960788, 0, 0, 0, 0, 0, 0, 0, 0, 1, 0
0.8902, 0.8902, 0.977372549019611, 0, 0, 0, 0, 0, 0, 0, 0, 1, 0
0.8902, 0.8902, 0.977490196078435, 0, 0, 0, 0, 0, 0, 0, 0, 1, 0
0.8902, 0.8902, 0.977607843137258, 0, 0, 0, 0, 0, 0, 0, 0, 1, 0
0.8902, 0.8902, 0.977725490196082, 0, 0, 0, 0, 0, 0, 0, 0, 1, 0
0.8902, 0.8902, 0.977843137254905, 0, 0, 0, 0, 0, 0, 0, 0, 1, 0
0.8902, 0.8902, 0.977960784313729, 0, 0, 0, 0, 0, 0, 0, 0, 1, 0
0.8902, 0.8902, 0.978078431372552, 0, 0, 0, 0, 0, 0, 0, 0, 1, 0
0.8902, 0.8902, 0.978196078431376, 0, 0, 0, 0, 0, 0, 0, 0, 1, 0
0.8902, 0.8902, 0.978313725490199, 0, 0, 0, 0, 0, 0, 0, 0, 1, 0
0.8902, 0.8902, 0.978431372549023, 0, 0, 0, 0, 0, 0, 0, 0, 1, 0
0.8902, 0.8902, 0.978549019607846, 0, 0, 0, 0, 0, 0, 0, 0, 1, 0
0.8902, 0.8902, 0.97866666666667, 0, 0, 0, 0, 0, 0, 0, 0, 1, 0
0.8902, 0.8902, 0.978784313725494, 0, 0, 0, 0, 0, 0, 0, 0, 1, 0
0.8902, 0.8902, 0.978901960784317, 0, 0, 0, 0, 0, 0, 0, 0, 1, 0
0.8902, 0.8902, 0.979019607843141, 0, 0, 0, 0, 0, 0, 0, 0, 1, 0
0.8902, 0.8902, 0.979137254901964, 0, 0, 0, 0, 0, 0, 0, 0, 1, 0
0.8902, 0.8902, 0.979254901960788, 0, 0, 0, 0, 0, 0, 0, 0, 1, 0
0.8902, 0.8902, 0.979372549019611, 0, 0, 0, 0, 0, 0, 0, 0, 1, 0
0.8902, 0.8902, 0.979490196078435, 0, 0, 0, 0, 0, 0, 0, 0, 1, 0
0.8902, 0.8902, 0.979607843137258, 0, 0, 0, 0, 0, 0, 0, 0, 1, 0
0.8902, 0.8902, 0.979725490196082, 0, 0, 0, 0, 0, 0, 0, 0, 1, 0
0.8902, 0.8902, 0.979843137254905, 0, 0, 0, 0, 0, 0, 0, 0, 1, 0
0.8902, 0.8902, 0.979960784313729, 0, 0, 0, 0, 0, 0, 0, 0, 1, 0
0.8902, 0.8902, 0.980078431372552, 0, 0, 0, 0, 0, 0, 0, 0, 1, 0
0.8902, 0.8902, 0.980196078431376, 0, 0, 0, 0, 0, 0, 0, 0, 1, 0
0.8902, 0.8902, 0.980313725490199, 0, 0, 0, 0, 0, 0, 0, 0, 1, 0
0.8902, 0.8902, 0.980431372549023, 0, 0, 0, 0, 0, 0, 0, 0, 1, 0
0.8902, 0.8902, 0.980549019607847, 0, 0, 0, 0, 0, 0, 0, 0, 1, 0
0.8902, 0.8902, 0.98066666666667, 0, 0, 0, 0, 0, 0, 0, 0, 1, 0
0.8902, 0.8902, 0.980784313725494, 0, 0, 0, 0, 0, 0, 0, 0, 1, 0
0.8902, 0.8902, 0.980901960784317, 0, 0, 0, 0, 0, 0, 0, 0, 1, 0
0.8902, 0.8902, 0.981019607843141, 0, 0, 0, 0, 0, 0, 0, 0, 1, 0
0.8902, 0.8902, 0.981137254901964, 0, 0, 0, 0, 0, 0, 0, 0, 1, 0
0.8902, 0.8902, 0.981254901960788, 0, 0, 0, 0, 0, 0, 0, 0, 1, 0
0.8902, 0.8902, 0.981372549019611, 0, 0, 0, 0, 0, 0, 0, 0, 1, 0
0.8902, 0.8902, 0.981490196078435, 0, 0, 0, 0, 0, 0, 0, 0, 1, 0
0.8902, 0.8902, 0.981607843137258, 0, 0, 0, 0, 0, 0, 0, 0, 1, 0
0.8902, 0.8902, 0.981725490196082, 0, 0, 0, 0, 0, 0, 0, 0, 1, 0
0.8902, 0.8902, 0.981843137254905, 0, 0, 0, 0, 0, 0, 0, 0, 1, 0
0.8902, 0.8902, 0.981960784313729, 0, 0, 0, 0, 0, 0, 0, 0, 1, 0
0.8902, 0.8902, 0.982078431372552, 0, 0, 0, 0, 0, 0, 0, 0, 1, 0
0.8902, 0.8902, 0.982196078431376, 0, 0, 0, 0, 0, 0, 0, 0, 1, 0
0.8902, 0.8902, 0.9823137254902, 0, 0, 0, 0, 0, 0, 0, 0, 1, 0
0.8902, 0.8902, 0.982431372549023, 0, 0, 0, 0, 0, 0, 0, 0, 1, 0
0.8902, 0.8902, 0.982549019607847, 0, 0, 0, 0, 0, 0, 0, 0, 1, 0
0.8902, 0.8902, 0.98266666666667, 0, 0, 0, 0, 0, 0, 0, 0, 1, 0
0.8902, 0.8902, 0.982784313725494, 0, 0, 0, 0, 0, 0, 0, 0, 1, 0
0.8902, 0.8902, 0.982901960784317, 0, 0, 0, 0, 0, 0, 0, 0, 1, 0
0.8902, 0.8902, 0.983019607843141, 0, 0, 0, 0, 0, 0, 0, 0, 1, 0
0.8902, 0.8902, 0.983137254901964, 0, 0, 0, 0, 0, 0, 0, 0, 1, 0
0.8902, 0.8902, 0.983254901960788, 0, 0, 0, 0, 0, 0, 0, 0, 1, 0
0.8902, 0.8902, 0.983372549019611, 0, 0, 0, 0, 0, 0, 0, 0, 1, 0
0.8902, 0.8902, 0.983490196078435, 0, 0, 0, 0, 0, 0, 0, 0, 1, 0
0.8902, 0.8902, 0.983607843137258, 0, 0, 0, 0, 0, 0, 0, 0, 1, 0
0.8902, 0.8902, 0.983725490196082, 0, 0, 0, 0, 0, 0, 0, 0, 1, 0
0.8902, 0.8902, 0.983843137254905, 0, 0, 0, 0, 0, 0, 0, 0, 1, 0
0.8902, 0.8902, 0.983960784313729, 0, 0, 0, 0, 0, 0, 0, 0, 1, 0
0.8902, 0.8902, 0.984078431372553, 0, 0, 0, 0, 0, 0, 0, 0, 1, 0
0.8902, 0.8902, 0.984196078431376, 0, 0, 0, 0, 0, 0, 0, 0, 1, 0
0.8902, 0.8902, 0.9843137254902, 0, 0, 0, 0, 0, 0, 0, 0, 1, 0
0.8902, 0.8902, 0.984431372549023, 0, 0, 0, 0, 0, 0, 0, 0, 1, 0
0.8902, 0.8902, 0.984549019607847, 0, 0, 0, 0, 0, 0, 0, 0, 1, 0
0.8902, 0.8902, 0.98466666666667, 0, 0, 0, 0, 0, 0, 0, 0, 1, 0
0.8902, 0.8902, 0.984784313725494, 0, 0, 0, 0, 0, 0, 0, 0, 1, 0
0.8902, 0.8902, 0.984901960784317, 0, 0, 0, 0, 0, 0, 0, 0, 1, 0
0.8902, 0.8902, 0.985019607843141, 0, 0, 0, 0, 0, 0, 0, 0, 1, 0
0.8902, 0.8902, 0.985137254901964, 0, 0, 0, 0, 0, 0, 0, 0, 1, 0
0.8902, 0.8902, 0.985254901960788, 0, 0, 0, 0, 0, 0, 0, 0, 1, 0
0.8902, 0.8902, 0.985372549019611, 0, 0, 0, 0, 0, 0, 0, 0, 1, 0
0.8902, 0.8902, 0.985490196078435, 0, 0, 0, 0, 0, 0, 0, 0, 1, 0
0.8902, 0.8902, 0.985607843137258, 0, 0, 0, 0, 0, 0, 0, 0, 1, 0
0.8902, 0.8902, 0.985725490196082, 0, 0, 0, 0, 0, 0, 0, 0, 1, 0
0.8902, 0.8902, 0.985843137254906, 0, 0, 0, 0, 0, 0, 0, 0, 1, 0
0.8902, 0.8902, 0.985960784313729, 0, 0, 0, 0, 0, 0, 0, 0, 1, 0
0.8902, 0.8902, 0.986078431372553, 0, 0, 0, 0, 0, 0, 0, 0, 1, 0
0.8902, 0.8902, 0.986196078431376, 0, 0, 0, 0, 0, 0, 0, 0, 1, 0
0.8902, 0.8902, 0.9863137254902, 0, 0, 0, 0, 0, 0, 0, 0, 1, 0
0.8902, 0.8902, 0.986431372549023, 0, 0, 0, 0, 0, 0, 0, 0, 1, 0
0.8902, 0.8902, 0.986549019607847, 0, 0, 0, 0, 0, 0, 0, 0, 1, 0
0.8902, 0.8902, 0.98666666666667, 0, 0, 0, 0, 0, 0, 0, 0, 1, 0
0.8902, 0.8902, 0.986784313725494, 0, 0, 0, 0, 0, 0, 0, 0, 1, 0
0.8902, 0.8902, 0.986901960784317, 0, 0, 0, 0, 0, 0, 0, 0, 1, 0
0.8902, 0.8902, 0.987019607843141, 0, 0, 0, 0, 0, 0, 0, 0, 1, 0
0.8902, 0.8902, 0.987137254901964, 0, 0, 0, 0, 0, 0, 0, 0, 1, 0
0.8902, 0.8902, 0.987254901960788, 0, 0, 0, 0, 0, 0, 0, 0, 1, 0
0.8902, 0.8902, 0.987372549019612, 0, 0, 0, 0, 0, 0, 0, 0, 1, 0
0.8902, 0.8902, 0.987490196078435, 0, 0, 0, 0, 0, 0, 0, 0, 1, 0
0.8902, 0.8902, 0.987607843137259, 0, 0, 0, 0, 0, 0, 0, 0, 1, 0
0.8902, 0.8902, 0.987725490196082, 0, 0, 0, 0, 0, 0, 0, 0, 1, 0
0.8902, 0.8902, 0.987843137254906, 0, 0, 0, 0, 0, 0, 0, 0, 1, 0
0.8902, 0.8902, 0.987960784313729, 0, 0, 0, 0, 0, 0, 0, 0, 1, 0
0.8902, 0.8902, 0.988078431372553, 0, 0, 0, 0, 0, 0, 0, 0, 1, 0
0.8902, 0.8902, 0.988196078431376, 0, 0, 0, 0, 0, 0, 0, 0, 1, 0
0.8902, 0.8902, 0.9883137254902, 0, 0, 0, 0, 0, 0, 0, 0, 1, 0
0.8902, 0.8902, 0.988431372549023, 0, 0, 0, 0, 0, 0, 0, 0, 1, 0
0.8902, 0.8902, 0.988549019607847, 0, 0, 0, 0, 0, 0, 0, 0, 1, 0
0.8902, 0.8902, 0.98866666666667, 0, 0, 0, 0, 0, 0, 0, 0, 1, 0
0.8902, 0.8902, 0.988784313725494, 0, 0, 0, 0, 0, 0, 0, 0, 1, 0
0.8902, 0.8902, 0.988901960784317, 0, 0, 0, 0, 0, 0, 0, 0, 1, 0
0.8902, 0.8902, 0.989019607843141, 0, 0, 0, 0, 0, 0, 0, 0, 1, 0
0.8902, 0.8902, 0.989137254901965, 0, 0, 0, 0, 0, 0, 0, 0, 1, 0
0.8902, 0.8902, 0.989254901960788, 0, 0, 0, 0, 0, 0, 0, 0, 1, 0
0.8902, 0.8902, 0.989372549019612, 0, 0, 0, 0, 0, 0, 0, 0, 1, 0
0.8902, 0.8902, 0.989490196078435, 0, 0, 0, 0, 0, 0, 0, 0, 1, 0
0.8902, 0.8902, 0.989607843137259, 0, 0, 0, 0, 0, 0, 0, 0, 1, 0
0.8902, 0.8902, 0.989725490196082, 0, 0, 0, 0, 0, 0, 0, 0, 1, 0
0.8902, 0.8902, 0.989843137254906, 0, 0, 0, 0, 0, 0, 0, 0, 1, 0
0.8902, 0.8902, 0.989960784313729, 0, 0, 0, 0, 0, 0, 0, 0, 1, 0
0.8902, 0.8902, 0.990078431372553, 0, 0, 0, 0, 0, 0, 0, 0, 1, 0
0.8902, 0.8902, 0.990196078431376, 0, 0, 0, 0, 0, 0, 0, 0, 1, 0
0.8902, 0.8902, 0.9903137254902, 0, 0, 0, 0, 0, 0, 0, 0, 1, 0
0.8902, 0.8902, 0.990431372549023, 0, 0, 0, 0, 0, 0, 0, 0, 1, 0
0.8902, 0.8902, 0.990549019607847, 0, 0, 0, 0, 0, 0, 0, 0, 1, 0
0.8902, 0.8902, 0.99066666666667, 0, 0, 0, 0, 0, 0, 0, 0, 1, 0
0.8902, 0.8902, 0.990784313725494, 0, 0, 0, 0, 0, 0, 0, 0, 1, 0
0.8902, 0.8902, 0.990901960784318, 0, 0, 0, 0, 0, 0, 0, 0, 1, 0
0.8902, 0.8902, 0.991019607843141, 0, 0, 0, 0, 0, 0, 0, 0, 1, 0
0.8902, 0.8902, 0.991137254901965, 0, 0, 0, 0, 0, 0, 0, 0, 1, 0
0.8902, 0.8902, 0.991254901960788, 0, 0, 0, 0, 0, 0, 0, 0, 1, 0
0.8902, 0.8902, 0.991372549019612, 0, 0, 0, 0, 0, 0, 0, 0, 1, 0
0.8902, 0.8902, 0.991490196078435, 0, 0, 0, 0, 0, 0, 0, 0, 1, 0
0.8902, 0.8902, 0.991607843137259, 0, 0, 0, 0, 0, 0, 0, 0, 1, 0
0.8902, 0.8902, 0.991725490196082, 0, 0, 0, 0, 0, 0, 0, 0, 1, 0
0.8902, 0.8902, 0.991843137254906, 0, 0, 0, 0, 0, 0, 0, 0, 1, 0
0.8902, 0.8902, 0.991960784313729, 0, 0, 0, 0, 0, 0, 0, 0, 1, 0
0.8902, 0.8902, 0.992078431372553, 0, 0, 0, 0, 0, 0, 0, 0, 1, 0
0.8902, 0.8902, 0.992196078431376, 0, 0, 0, 0, 0, 0, 0, 0, 1, 0
0.8902, 0.8902, 0.9923137254902, 0, 0, 0, 0, 0, 0, 0, 0, 1, 0
0.8902, 0.8902, 0.992431372549023, 0, 0, 0, 0, 0, 0, 0, 0, 1, 0
0.8902, 0.8902, 0.992549019607847, 0, 0, 0, 0, 0, 0, 0, 0, 1, 0
0.8902, 0.8902, 0.992666666666671, 0, 0, 0, 0, 0, 0, 0, 0, 1, 0
0.8902, 0.8902, 0.992784313725494, 0, 0, 0, 0, 0, 0, 0, 0, 1, 0
0.8902, 0.8902, 0.992901960784318, 0, 0, 0, 0, 0, 0, 0, 0, 1, 0
0.8902, 0.8902, 0.993019607843141, 0, 0, 0, 0, 0, 0, 0, 0, 1, 0
0.8902, 0.8902, 0.993137254901965, 0, 0, 0, 0, 0, 0, 0, 0, 1, 0
0.8902, 0.8902, 0.993254901960788, 0, 0, 0, 0, 0, 0, 0, 0, 1, 0
0.8902, 0.8902, 0.993372549019612, 0, 0, 0, 0, 0, 0, 0, 0, 1, 0
0.8902, 0.8902, 0.993490196078435, 0, 0, 0, 0, 0, 0, 0, 0, 1, 0
0.8902, 0.8902, 0.993607843137259, 0, 0, 0, 0, 0, 0, 0, 0, 1, 0
0.8902, 0.8902, 0.993725490196082, 0, 0, 0, 0, 0, 0, 0, 0, 1, 0
0.8902, 0.8902, 0.993843137254906, 0, 0, 0, 0, 0, 0, 0, 0, 1, 0
0.8902, 0.8902, 0.993960784313729, 0, 0, 0, 0, 0, 0, 0, 0, 1, 0
0.8902, 0.8902, 0.994078431372553, 0, 0, 0, 0, 0, 0, 0, 0, 1, 0
0.8902, 0.8902, 0.994196078431376, 0, 0, 0, 0, 0, 0, 0, 0, 1, 0
0.8902, 0.8902, 0.9943137254902, 0, 0, 0, 0, 0, 0, 0, 0, 1, 0
0.8902, 0.8902, 0.994431372549024, 0, 0, 0, 0, 0, 0, 0, 0, 1, 0
0.8902, 0.8902, 0.994549019607847, 0, 0, 0, 0, 0, 0, 0, 0, 1, 0
0.8902, 0.8902, 0.994666666666671, 0, 0, 0, 0, 0, 0, 0, 0, 1, 0
0.8902, 0.8902, 0.994784313725494, 0, 0, 0, 0, 0, 0, 0, 0, 1, 0
0.8902, 0.8902, 0.994901960784318, 0, 0, 0, 0, 0, 0, 0, 0, 1, 0
0.8902, 0.8902, 0.995019607843141, 0, 0, 0, 0, 0, 0, 0, 0, 1, 0
0.8902, 0.8902, 0.995137254901965, 0, 0, 0, 0, 0, 0, 0, 0, 1, 0
0.8902, 0.8902, 0.995254901960788, 0, 0, 0, 0, 0, 0, 0, 0, 1, 0
0.8902, 0.8902, 0.995372549019612, 0, 0, 0, 0, 0, 0, 0, 0, 1, 0
0.8902, 0.8902, 0.995490196078435, 0, 0, 0, 0, 0, 0, 0, 0, 1, 0
0.8902, 0.8902, 0.995607843137259, 0, 0, 0, 0, 0, 0, 0, 0, 1, 0
0.8902, 0.8902, 0.995725490196082, 0, 0, 0, 0, 0, 0, 0, 0, 1, 0
0.8902, 0.8902, 0.995843137254906, 0, 0, 0, 0, 0, 0, 0, 0, 1, 0
0.8902, 0.8902, 0.995960784313729, 0, 0, 0, 0, 0, 0, 0, 0, 1, 0
0.8902, 0.8902, 0.996078431372553, 0, 0, 0, 0, 0, 0, 0, 0, 1, 0
0.8902, 0.8902, 0.996196078431377, 0, 0, 0, 0, 0, 0, 0, 0, 1, 0
0.8902, 0.8902, 0.9963137254902, 0, 0, 0, 0, 0, 0, 0, 0, 1, 0
0.8902, 0.8902, 0.996431372549024, 0, 0, 0, 0, 0, 0, 0, 0, 1, 0
0.8902, 0.8902, 0.996549019607847, 0, 0, 0, 0, 0, 0, 0, 0, 1, 0
0.8902, 0.8902, 0.996666666666671, 0, 0, 0, 0, 0, 0, 0, 0, 1, 0
0.8902, 0.8902, 0.996784313725494, 0, 0, 0, 0, 0, 0, 0, 0, 1, 0
0.8902, 0.8902, 0.996901960784318, 0, 0, 0, 0, 0, 0, 0, 0, 1, 0
0.8902, 0.8902, 0.997019607843141, 0, 0, 0, 0, 0, 0, 0, 0, 1, 0
0.8902, 0.8902, 0.997137254901965, 0, 0, 0, 0, 0, 0, 0, 0, 1, 0
0.8902, 0.8902, 0.997254901960788, 0, 0, 0, 0, 0, 0, 0, 0, 1, 0
0.8902, 0.8902, 0.997372549019612, 0, 0, 0, 0, 0, 0, 0, 0, 1, 0
0.8902, 0.8902, 0.997490196078435, 0, 0, 0, 0, 0, 0, 0, 0, 1, 0
0.8902, 0.8902, 0.997607843137259, 0, 0, 0, 0, 0, 0, 0, 0, 1, 0
0.8902, 0.8902, 0.997725490196082, 0, 0, 0, 0, 0, 0, 0, 0, 1, 0
0.8902, 0.8902, 0.997843137254906, 0, 0, 0, 0, 0, 0, 0, 0, 1, 0
0.8902, 0.8902, 0.99796078431373, 0, 0, 0, 0, 0, 0, 0, 0, 1, 0
0.8902, 0.8902, 0.998078431372553, 0, 0, 0, 0, 0, 0, 0, 0, 1, 0
0.8902, 0.8902, 0.998196078431377, 0, 0, 0, 0, 0, 0, 0, 0, 1, 0
0.8902, 0.8902, 0.9983137254902, 0, 0, 0, 0, 0, 0, 0, 0, 1, 0
0.8902, 0.8902, 0.998431372549024, 0, 0, 0, 0, 0, 0, 0, 0, 1, 0
0.8902, 0.8902, 0.998549019607847, 0, 0, 0, 0, 0, 0, 0, 0, 1, 0
0.8902, 0.8902, 0.998666666666671, 0, 0, 0, 0, 0, 0, 0, 0, 1, 0
0.8902, 0.8902, 0.998784313725494, 0, 0, 0, 0, 0, 0, 0, 0, 1, 0
0.8902, 0.8902, 0.998901960784318, 0, 0, 0, 0, 0, 0, 0, 0, 1, 0
0.8902, 0.8902, 0.999019607843141, 0, 0, 0, 0, 0, 0, 0, 0, 1, 0
0.8902, 0.8902, 0.999137254901965, 0, 0, 0, 0, 0, 0, 0, 0, 1, 0
0.8902, 0.8902, 0.999254901960788, 0, 0, 0, 0, 0, 0, 0, 0, 1, 0
0.8902, 0.8902, 0.999372549019612, 0, 0, 0, 0, 0, 0, 0, 0, 1, 0
0.8902, 0.8902, 0.999490196078435, 0, 0, 0, 0, 0, 0, 0, 0, 1, 0
0.8902, 0.8902, 0.999607843137259, 0, 0, 0, 0, 0, 0, 0, 0, 1, 0
0.8902, 0.8902, 0.999725490196083, 0, 0, 0, 0, 0, 0, 0, 0, 1, 0
0.8902, 0.8902, 0.999843137254906, 0, 0, 0, 0, 0, 0, 0, 0, 1, 0
0.8902, 0.8902, 0.99996078431373, 0, 0, 0, 0, 0, 0, 0, 0, 1, 0
